"AnimalID","2000","2001","2002","2003","2004","2005","2006","2007","2008","2009","2010","2011","2012","2013","2014","2015","2016","2017","2018"
6025,2,4,1,1,4,3,2,1,1,2,1,2,2,1,1,1,1,1,1
6027,2,4,4,4,4,4,4,4,4,4,4,4,4,4,4,4,4,4,4
6028,2,4,4,4,4,4,4,4,4,4,4,4,4,4,4,4,2,4,4
6032,3,4,4,4,4,4,4,4,4,4,4,4,4,4,4,4,4,4,4
6033,2,4,4,4,4,1,4,4,2,2,2,1,1,2,2,3,1,4,1
6034,2,2,4,4,4,4,4,4,4,4,4,4,4,4,4,4,4,4,4
6037,1,4,4,4,1,3,2,3,3,3,3,3,3,3,3,3,3,3,4
6040,2,4,4,4,4,4,4,4,4,4,4,4,4,4,4,4,4,4,4
6042,2,2,2,1,4,4,4,4,4,4,4,4,4,4,4,4,4,4,4
6047,2,1,1,2,4,2,2,1,2,4,4,4,4,4,4,4,4,4,4
6048,2,4,1,4,4,1,4,4,1,4,4,4,4,4,4,4,4,4,4
6050,2,4,4,4,4,1,4,4,4,1,4,4,4,4,4,4,4,4,4
6053,2,4,4,4,4,4,4,4,4,4,4,4,4,4,4,4,4,4,4
6054,2,2,4,1,4,4,4,4,4,4,4,4,4,4,4,4,4,4,4
6055,2,4,4,1,2,3,4,3,3,3,3,4,2,3,1,4,4,4,4
6057,2,1,1,1,4,1,4,4,2,3,1,2,2,2,2,1,1,1,1
6058,2,2,3,3,3,3,3,3,3,3,2,3,3,4,4,4,4,4,4
6060,2,4,1,1,1,1,2,3,1,3,3,3,3,3,3,3,3,4,4
6061,2,4,4,4,4,4,4,4,4,4,4,4,4,4,4,4,4,4,4
6062,1,4,1,4,4,4,4,4,4,4,4,1,4,4,4,4,4,4,4
6064,2,1,4,4,4,4,4,4,4,4,4,4,4,4,4,4,4,4,4
6067,2,4,4,4,4,4,4,4,4,4,4,4,4,4,4,4,4,4,4
6069,2,3,4,4,4,4,4,4,4,4,4,4,4,4,4,4,4,4,4
6070,2,4,1,1,4,4,4,4,4,1,4,1,4,4,4,4,4,4,4
6076,2,2,4,4,4,4,4,4,4,4,4,4,4,4,4,4,4,4,4
6077,3,2,3,2,4,1,1,3,3,4,3,3,1,3,3,3,4,4,1
6078,1,1,2,4,2,3,2,3,3,3,3,3,4,4,4,4,4,4,4
6079,2,4,4,4,4,1,1,4,3,1,3,3,3,3,3,3,4,4,4
6081,2,3,3,2,4,4,4,4,4,4,4,4,4,4,4,4,4,4,4
6086,2,4,4,4,4,4,4,4,4,4,4,4,4,4,4,4,4,4,4
6087,2,4,4,4,4,4,4,4,4,4,4,4,4,4,4,4,4,4,4
6089,3,1,4,1,1,4,2,3,3,4,3,4,3,3,3,3,4,3,1
6093,2,2,4,4,4,4,4,4,4,4,4,4,4,4,4,4,4,4,4
6094,2,4,1,4,4,4,4,4,4,4,4,4,4,4,4,4,4,4,4
6096,2,1,1,4,1,1,1,4,1,4,1,4,4,4,4,4,4,4,4
6103,1,4,4,4,4,4,4,4,4,4,4,4,4,4,4,4,4,4,4
6104,2,1,4,4,4,4,4,4,4,4,4,4,4,4,4,4,4,4,4
6106,1,4,4,4,4,4,4,4,4,4,4,4,4,4,4,4,4,4,4
6107,2,4,1,4,4,4,4,4,4,4,4,4,4,4,4,4,4,4,4
6110,2,4,4,2,4,3,3,3,1,1,3,3,3,3,3,3,3,4,4
6119,2,1,4,4,4,4,4,4,4,4,4,4,4,4,4,4,4,4,4
6120,2,1,2,2,4,4,4,4,4,4,4,4,4,4,4,4,4,4,4
6123,2,3,4,4,4,4,4,4,4,4,4,4,4,4,4,4,4,4,4
6124,3,1,1,1,2,2,3,3,4,4,4,4,4,4,4,4,4,4,4
6125,2,4,1,3,1,3,2,3,3,3,3,3,3,3,3,3,3,3,2
6126,2,2,1,4,4,4,4,4,4,4,4,4,4,4,4,4,4,4,4
6127,2,4,4,4,4,4,1,4,4,4,4,4,4,4,4,4,4,4,4
6131,2,2,2,1,2,3,2,3,2,3,3,3,3,3,3,3,4,4,4
6136,1,4,4,4,4,1,4,1,2,1,1,2,1,1,2,1,4,1,2
6138,1,3,4,4,4,4,4,4,4,4,4,4,4,4,4,4,4,4,4
6139,1,4,4,4,4,4,4,4,1,2,1,4,2,1,4,4,4,4,4
6140,1,4,4,4,4,4,4,4,4,4,4,4,4,4,4,4,4,4,4
6141,1,4,4,4,2,1,4,1,2,2,2,2,4,4,4,4,4,4,4
6142,1,4,4,1,1,1,1,4,1,4,1,4,4,4,4,4,4,4,4
6144,1,4,1,1,4,4,4,1,2,4,1,1,4,4,4,4,4,4,4
6148,1,4,4,4,1,4,4,4,2,2,2,2,2,2,2,2,1,4,4
6149,1,4,4,4,4,4,4,4,4,4,4,4,4,4,4,4,4,4,4
6150,1,4,4,4,4,4,4,4,4,4,4,4,4,4,4,4,4,4,4
6155,1,4,4,1,4,1,1,4,2,1,1,2,2,1,1,2,1,1,2
6156,1,4,1,1,1,4,4,1,2,4,4,4,4,4,4,4,4,4,4
6157,1,4,4,4,4,4,4,4,4,4,4,4,4,4,4,4,4,4,4
6158,1,4,4,4,4,4,4,4,4,4,4,4,4,4,4,4,4,4,4
6159,1,1,4,4,4,4,4,4,4,4,4,4,4,4,4,4,4,4,4
6163,1,2,3,2,3,3,3,3,3,3,3,2,3,2,2,2,2,1,4
6165,1,4,4,4,4,4,4,4,4,4,4,4,4,4,4,4,4,4,4
6166,1,1,4,4,4,4,4,4,4,4,4,4,4,4,4,4,4,4,4
6167,1,4,4,4,4,4,4,4,4,4,4,4,4,4,4,4,4,4,4
6168,1,2,2,4,4,4,4,4,4,4,4,4,4,4,4,4,4,4,4
6170,1,4,4,4,4,4,4,4,4,4,4,4,4,4,4,4,4,4,4
6171,1,4,4,4,4,4,4,4,4,4,4,4,4,4,4,4,4,4,4
6172,1,1,1,4,4,4,1,4,2,4,2,1,4,2,4,4,4,4,4
6173,1,1,1,4,4,4,4,4,1,2,2,1,1,1,1,1,1,4,1
6174,1,1,4,4,4,4,4,4,4,4,4,4,4,4,4,4,4,4,4
6177,1,1,2,2,4,4,4,1,2,2,1,1,2,2,2,1,1,1,1
6178,1,4,4,4,4,4,4,4,3,4,2,2,4,2,1,1,4,4,4
6180,1,1,1,4,4,4,4,4,4,4,4,4,4,4,4,4,4,4,4
6181,1,4,4,2,1,4,4,2,1,2,1,4,4,2,1,1,1,4,4
6182,1,4,1,4,1,4,1,4,1,4,4,4,4,4,4,4,4,4,4
6184,1,1,4,1,4,1,4,1,2,2,1,4,2,2,2,2,2,1,2
6186,1,4,4,2,1,4,4,4,4,4,4,4,4,4,4,4,4,4,4
6189,1,4,4,4,4,4,4,4,4,4,4,4,4,4,4,4,4,4,4
6192,1,4,4,4,4,4,4,4,4,4,4,4,4,4,4,4,4,4,4
6193,1,4,1,4,4,4,4,4,4,4,4,4,4,4,4,4,4,4,4
6195,1,4,4,4,4,4,4,4,4,4,4,4,4,4,4,4,4,4,4
6197,1,1,4,4,4,4,4,4,4,4,4,4,4,4,4,4,4,4,4
6200,1,4,4,4,4,4,4,4,4,4,4,4,4,4,4,4,4,4,4
6203,1,4,1,1,1,1,4,1,1,1,1,1,4,4,4,4,4,4,4
6204,1,4,4,4,4,4,4,4,4,4,4,4,4,4,4,4,4,4,4
6211,1,1,4,1,1,1,1,1,2,1,1,2,2,1,1,2,4,1,1
6212,1,4,4,4,4,4,4,4,4,4,4,4,4,4,4,4,4,4,4
6218,1,4,4,4,4,4,4,1,1,4,2,4,4,4,4,4,4,4,4
6220,1,1,4,2,4,1,4,1,2,2,4,4,4,4,4,4,4,4,4
6221,1,4,4,4,4,4,4,4,4,4,4,4,4,4,4,4,4,4,4
6223,1,4,4,4,4,4,4,4,4,4,4,4,4,4,4,4,4,4,4
6224,1,1,4,4,4,4,4,4,4,4,4,4,4,4,4,4,4,4,4
6226,1,4,4,4,4,4,4,4,4,4,4,4,4,4,4,4,4,4,4
6227,1,4,4,4,4,4,4,4,4,4,4,4,4,4,4,4,4,4,4
6230,1,1,4,4,1,1,1,4,2,2,1,1,1,2,2,2,1,1,1
6233,1,1,4,4,4,4,4,4,4,4,4,4,4,4,4,4,4,4,4
6237,1,2,3,4,4,4,4,4,4,4,4,4,4,4,4,4,4,4,4
6240,1,4,4,4,4,4,4,4,4,4,4,4,4,4,4,4,4,4,4
6242,1,4,4,4,1,1,4,1,1,1,2,2,2,2,1,4,1,1,4
6243,1,4,3,3,4,1,4,2,1,4,1,1,4,1,4,4,1,1,4
6245,1,4,4,4,4,4,4,4,4,4,4,4,4,4,4,4,4,4,4
6246,1,4,4,4,4,4,4,4,4,4,4,4,4,4,4,4,4,4,4
6248,1,4,4,4,4,4,4,4,4,4,4,4,4,4,4,4,4,4,4
6250,1,4,4,4,4,4,4,4,4,4,4,4,4,4,4,4,4,4,4
6251,1,4,4,4,4,4,4,4,4,4,4,4,4,4,4,4,4,4,4
6253,1,1,1,1,4,4,4,4,4,4,4,4,4,4,4,4,4,4,4
6257,1,1,4,1,2,1,4,4,1,1,1,2,2,1,2,1,1,4,1
6258,1,4,4,4,4,4,4,4,4,4,4,4,4,4,4,4,4,4,4
6260,1,4,4,4,4,4,4,4,4,4,4,4,4,4,4,4,4,4,4
6261,1,4,4,4,4,4,4,4,4,4,4,4,4,4,4,4,4,4,4
6262,1,2,3,4,4,4,4,4,4,4,4,4,4,4,4,4,4,4,4
6263,1,1,3,3,4,4,4,4,4,4,4,4,4,4,4,4,4,4,4
6265,1,4,4,4,4,4,4,4,4,4,4,4,4,4,4,4,4,4,4
6266,1,4,4,4,4,4,4,4,4,4,4,4,4,4,4,4,4,4,4
6267,1,4,4,1,1,1,4,4,4,4,4,4,4,4,4,4,4,4,4
6270,1,1,4,4,4,4,4,4,4,4,4,4,4,4,4,4,4,4,4
6272,1,4,4,4,4,4,4,4,4,4,4,4,4,4,4,4,4,4,4
6274,1,4,1,1,1,1,1,1,1,1,1,1,1,1,1,1,1,4,1
6275,1,1,1,1,4,4,4,2,2,4,4,4,4,4,4,4,4,4,4
6278,1,4,4,4,4,4,4,4,4,4,4,4,4,4,4,4,4,4,4
6280,1,1,4,4,4,4,4,4,4,4,4,4,4,4,4,4,4,4,4
6281,1,4,4,4,4,4,4,4,4,4,4,4,4,4,4,4,4,4,4
6282,1,4,4,4,4,4,4,4,4,4,4,4,4,4,4,4,4,4,4
6435,4,1,4,4,4,4,4,4,4,4,4,4,4,4,4,4,4,4,4
6436,4,1,4,4,4,4,4,4,4,4,4,4,4,4,4,4,4,4,4
6439,4,1,4,4,1,2,1,1,4,4,2,2,1,3,1,2,3,2,4
6441,4,1,4,4,4,4,4,4,4,4,4,4,4,4,4,4,4,4,4
6446,4,1,4,1,2,2,4,4,4,4,1,1,4,4,4,4,4,4,4
6450,4,1,4,4,3,3,1,3,3,3,3,3,3,4,4,4,4,4,4
6454,4,1,4,4,3,1,1,1,1,3,3,2,3,3,3,3,3,3,1
6455,4,1,4,4,4,4,4,4,4,4,4,4,4,4,4,4,4,4,4
6459,4,1,4,4,3,3,4,2,4,4,4,4,4,4,4,4,4,4,4
6460,4,1,4,4,4,4,4,4,4,4,4,4,4,4,4,4,4,4,4
6461,4,1,4,4,4,4,4,4,4,4,4,4,4,4,4,4,4,4,4
6464,4,1,2,4,2,2,4,4,4,4,4,4,4,4,4,4,4,4,4
6465,4,1,4,4,4,4,4,4,4,4,4,4,4,4,4,4,4,4,4
6466,4,1,4,4,2,3,4,4,3,3,3,1,1,4,4,4,4,4,4
6469,4,1,4,4,4,4,4,4,4,4,4,4,4,4,4,4,4,4,4
6473,4,1,4,1,1,1,4,3,3,3,3,3,3,1,1,1,4,3,1
6474,4,1,4,4,4,4,4,4,4,4,4,4,4,4,4,4,4,4,4
6477,4,1,4,4,1,1,4,4,1,4,4,1,4,4,1,4,4,4,4
6478,4,1,4,4,4,4,4,4,4,4,4,4,4,4,4,4,4,4,4
6482,4,1,4,4,4,4,4,4,4,4,4,4,4,4,4,4,4,4,4
6492,4,1,4,4,4,2,4,1,1,4,4,1,1,1,2,1,2,1,4
6494,4,1,4,4,2,3,4,1,2,3,2,3,3,4,4,4,4,4,4
6499,4,1,1,4,4,4,4,4,4,4,4,4,4,4,4,4,4,4,4
6500,4,1,4,4,4,4,4,4,4,4,4,4,4,4,4,4,4,4,4
6501,4,1,4,4,4,4,4,4,4,4,4,4,4,4,4,4,4,4,4
6504,4,1,4,1,4,4,4,4,4,4,4,4,4,4,4,4,4,4,4
6505,4,1,2,4,1,3,4,4,1,3,3,3,3,3,4,4,4,4,4
6506,4,1,4,4,4,4,4,4,4,1,4,4,4,4,4,4,4,4,4
6508,4,1,4,4,4,2,4,4,4,3,4,4,4,4,4,4,4,4,4
6514,4,1,4,4,4,4,4,4,4,4,4,4,4,4,4,4,4,4,4
6515,4,1,4,4,4,4,4,4,4,4,4,4,4,4,4,4,4,4,4
6517,4,1,4,1,2,3,4,1,1,2,2,2,3,1,3,2,4,4,4
6518,4,1,2,4,1,2,4,4,4,4,4,4,4,4,4,4,4,4,4
6520,4,1,4,4,4,4,4,4,4,4,4,4,4,4,4,4,4,4,4
6521,4,1,1,4,4,4,4,4,4,4,4,4,4,4,4,4,4,4,4
6522,4,1,4,4,4,4,4,4,4,4,4,4,4,4,4,4,4,4,4
6523,4,1,1,2,3,2,4,1,2,3,3,2,3,4,4,4,4,4,4
6525,4,1,4,4,4,4,4,4,4,4,4,4,4,4,4,4,4,4,4
6526,4,1,4,4,1,4,4,4,4,4,4,4,4,4,4,4,4,4,4
6527,4,1,3,4,4,4,4,4,4,4,4,4,4,4,4,4,4,4,4
6529,4,1,4,4,4,4,4,4,4,4,4,4,4,4,4,4,4,4,4
6532,4,1,4,4,2,4,4,4,4,4,4,4,4,4,4,4,4,4,4
6535,4,1,3,4,2,3,4,2,3,3,3,3,3,2,4,4,4,4,4
6537,4,1,4,4,4,4,4,4,4,4,4,4,4,4,4,4,4,4,4
6538,4,1,4,4,4,4,4,4,4,4,4,4,4,4,4,4,4,4,4
6542,4,1,4,4,1,3,4,3,3,3,3,3,3,3,3,3,3,3,1
6543,4,1,4,4,1,3,1,4,3,3,4,4,4,1,4,4,4,4,4
6544,4,1,4,4,4,4,4,4,4,4,4,4,4,4,4,4,4,4,4
6547,4,1,4,4,1,1,4,3,2,2,2,2,3,4,4,4,4,4,4
6548,4,1,3,3,3,2,1,3,3,3,2,3,3,3,2,1,3,3,4
6549,4,1,4,4,1,1,1,4,1,4,4,4,4,4,4,4,4,4,4
6551,4,1,1,4,4,4,1,4,4,4,4,4,4,4,4,4,4,4,4
6554,4,1,4,1,3,3,1,3,3,3,3,3,3,3,4,4,4,4,4
6557,4,1,4,4,4,4,4,1,4,4,4,4,4,4,4,4,4,4,4
6558,4,1,3,4,4,4,4,4,4,4,4,4,4,4,4,4,4,4,4
6559,4,1,4,4,4,4,4,4,4,4,4,4,4,4,4,4,4,4,4
6560,4,1,4,4,4,4,4,1,4,4,4,4,4,4,4,4,4,4,4
6561,4,1,3,4,4,4,4,4,4,4,4,4,4,4,4,4,4,4,4
6563,4,1,4,4,4,4,4,4,4,4,4,4,4,4,4,4,4,4,4
6564,4,1,4,4,4,4,4,4,4,4,4,4,4,4,4,4,4,4,4
6565,4,1,4,4,4,4,4,4,4,4,4,4,4,4,4,4,4,4,4
6566,4,1,4,4,1,4,4,4,4,4,4,4,4,4,4,4,4,4,4
6567,4,1,4,4,1,4,4,2,4,4,4,4,4,4,4,4,4,4,4
6571,4,1,4,4,4,1,1,1,1,1,4,4,4,4,4,4,4,4,4
6572,4,1,4,4,4,4,4,4,4,4,4,4,4,4,4,4,4,4,4
6573,4,1,2,1,4,4,4,4,4,4,4,4,4,4,4,4,4,4,4
6577,4,1,4,4,4,4,4,4,4,4,4,4,4,4,4,4,4,4,4
6579,4,1,1,4,1,1,4,4,4,1,4,4,4,2,3,3,3,3,2
6581,4,1,4,4,4,4,4,4,4,4,4,4,4,4,4,4,4,4,4
6583,4,1,4,4,4,4,4,4,4,4,4,4,4,4,4,4,4,4,4
6588,4,1,4,4,4,4,4,4,4,4,4,4,4,4,4,4,4,4,4
6590,4,1,4,4,4,4,4,4,4,4,4,4,4,4,4,4,4,4,4
6592,4,1,4,4,4,4,4,4,4,4,4,4,4,4,4,4,4,4,4
6593,4,1,4,4,1,4,4,4,1,1,1,4,2,1,1,1,4,4,4
6595,4,1,1,1,1,1,4,1,1,1,1,2,1,1,4,4,4,4,4
6596,4,1,4,4,4,4,4,4,4,4,4,4,4,4,4,4,4,4,4
6597,4,1,4,4,4,4,4,4,4,4,4,4,4,4,4,4,4,4,4
6606,4,1,4,4,1,2,4,3,3,3,1,3,3,3,3,3,3,3,1
6607,4,1,4,4,4,4,4,4,4,4,4,4,4,4,4,4,4,4,4
6662,4,1,3,3,4,4,4,4,4,4,4,4,4,4,4,4,4,4,4
6666,4,1,4,4,4,4,4,4,4,4,4,4,4,4,4,4,4,4,4
6668,4,1,3,2,4,4,4,4,4,4,4,4,4,4,4,4,4,4,4
6669,4,1,4,4,4,4,4,4,4,4,4,4,4,4,4,4,4,4,4
6670,4,1,1,2,1,1,4,1,1,4,1,1,4,4,4,4,4,4,4
6672,4,1,2,2,4,4,4,2,4,4,4,4,4,4,4,4,4,4,4
6674,4,1,4,4,4,4,4,4,4,4,4,4,4,4,4,4,4,4,4
6675,4,1,1,1,4,4,4,4,1,4,4,4,4,4,4,4,4,4,4
6676,4,1,1,1,1,1,4,1,2,4,4,4,4,4,4,4,4,4,4
6679,4,1,1,1,1,1,4,1,4,1,4,1,4,1,4,1,4,4,4
6680,4,1,4,1,4,1,4,1,4,4,1,4,4,1,4,1,4,1,4
6682,4,1,4,4,4,4,4,4,4,4,4,4,4,4,4,4,4,4,4
6684,4,1,4,4,4,4,4,4,4,4,4,4,4,4,4,4,4,4,4
6686,4,1,1,1,4,4,4,4,4,4,4,4,4,4,4,4,4,4,4
6690,4,1,4,4,4,4,4,4,4,4,4,4,4,4,4,4,4,4,4
6691,4,1,4,4,4,4,4,4,4,4,4,4,4,4,4,4,4,4,4
6692,4,1,4,4,4,4,4,4,4,4,4,4,4,4,4,4,4,4,4
6697,4,1,4,4,4,4,4,4,4,4,4,4,4,4,4,4,4,4,4
6698,4,1,3,2,4,4,4,1,4,1,4,1,4,2,4,4,4,4,4
6699,4,1,4,4,4,4,4,4,4,4,4,4,4,4,4,4,4,4,4
6707,4,1,4,4,4,4,4,4,4,4,4,4,4,4,4,4,4,4,4
6709,4,1,4,1,4,1,4,2,1,1,1,1,1,1,1,4,1,2,1
6719,4,1,1,4,4,4,4,4,4,4,4,4,4,4,4,4,4,4,4
6722,4,1,4,4,4,4,4,4,2,1,4,1,2,2,4,2,1,4,1
6724,4,1,1,4,1,1,4,1,1,1,1,4,4,4,4,4,4,4,4
6725,4,1,4,4,4,4,4,4,4,4,4,4,4,4,4,4,4,4,4
6726,4,1,1,4,4,4,4,4,1,1,1,1,4,4,4,4,4,4,4
6727,4,1,1,1,1,4,4,4,4,4,4,4,4,4,4,4,4,4,4
6729,4,1,1,4,4,4,4,1,1,2,1,1,2,2,2,1,1,4,1
6730,4,1,4,4,4,1,4,1,4,2,1,1,1,4,4,4,4,4,4
6734,4,1,4,4,4,4,4,4,4,4,4,4,4,4,4,4,4,4,4
6735,4,1,1,4,4,4,4,4,4,4,4,4,4,4,4,4,4,4,4
6736,4,1,4,1,1,1,4,1,2,2,2,1,4,2,1,1,4,1,4
6739,4,1,4,4,4,4,4,4,4,4,4,4,4,4,4,4,4,4,4
6741,4,1,1,4,4,4,4,4,4,4,4,4,4,4,4,4,4,4,4
6742,4,1,1,4,4,4,4,4,4,4,4,1,4,4,4,4,4,4,4
6743,4,1,3,1,1,1,4,1,1,2,2,4,1,1,1,2,1,4,4
6745,4,1,1,4,4,4,4,4,1,1,2,1,1,2,4,4,4,4,4
6747,4,1,2,4,4,4,4,1,1,1,2,1,2,1,2,1,1,4,4
6750,4,1,4,4,4,4,4,4,4,4,4,4,4,4,4,4,4,4,4
6753,4,1,2,4,4,4,4,4,4,4,4,1,1,4,1,1,1,2,4
6754,4,1,4,4,4,4,4,4,4,4,4,4,4,4,4,4,4,4,4
6755,4,1,4,1,4,1,4,4,1,1,1,1,2,2,2,1,4,4,4
6756,4,1,4,4,4,4,4,4,4,4,4,4,4,4,4,4,4,4,4
6757,4,1,4,4,4,4,4,4,4,4,4,4,4,4,4,4,4,4,4
6759,4,1,4,4,4,4,4,1,2,2,1,4,1,2,4,2,4,4,4
6760,4,1,4,1,4,1,4,1,1,2,2,4,4,4,4,4,4,4,4
6762,4,1,1,4,1,4,4,4,4,4,4,4,4,4,4,4,4,4,4
6763,4,1,4,4,4,4,4,4,4,4,4,4,4,4,4,4,4,4,4
6764,4,1,4,4,4,4,4,4,4,4,4,4,4,4,4,4,4,4,4
6768,4,1,1,4,4,4,4,2,4,4,4,4,4,4,4,4,4,4,4
8038,4,4,2,4,1,4,4,4,4,4,4,4,4,4,4,4,4,4,4
8039,4,4,1,4,4,4,4,4,4,4,4,4,4,4,4,4,4,4,4
8042,4,4,2,4,4,4,4,4,4,4,4,4,4,4,4,4,4,4,4
8043,4,4,2,4,4,4,4,4,4,4,4,4,4,4,4,4,4,4,4
8044,4,4,2,2,4,4,4,4,4,4,4,4,4,4,4,4,4,4,4
8045,4,4,3,1,4,1,4,2,1,1,1,1,1,2,1,1,4,4,4
8046,4,4,2,2,1,4,1,2,3,3,3,4,4,4,4,4,4,4,4
8047,4,4,3,2,4,4,4,4,4,4,4,4,4,4,4,4,4,4,4
8049,4,4,2,4,4,4,4,4,4,4,4,4,4,4,4,4,4,4,4
8050,4,4,2,4,4,4,4,4,4,4,4,4,4,4,4,4,4,4,4
8053,4,4,2,4,4,4,4,4,4,4,4,4,4,4,4,4,4,4,4
8054,4,4,3,3,3,3,3,3,3,3,3,3,3,3,4,4,4,4,4
8055,4,4,2,4,4,4,4,4,4,4,4,4,4,4,4,4,4,4,4
8057,4,4,3,2,2,4,4,4,4,4,4,4,4,4,4,4,4,4,4
8061,4,4,3,4,4,4,4,4,4,4,4,4,4,4,4,4,4,4,4
8062,4,4,3,3,4,4,4,4,4,4,4,4,4,4,4,4,4,4,4
8063,4,4,3,1,4,4,4,4,4,4,4,4,4,4,4,4,4,4,4
8067,4,4,3,1,4,4,4,2,1,1,1,1,1,4,1,2,1,4,4
8068,4,4,2,1,4,4,4,4,4,4,4,4,4,4,4,4,4,4,4
8069,4,4,3,1,4,4,4,4,4,4,4,4,4,4,4,4,4,4,4
8072,4,4,2,4,4,4,4,4,4,4,4,4,4,4,4,4,4,4,4
8073,4,4,3,2,1,1,2,4,4,4,4,4,4,4,4,4,4,4,4
8074,4,4,2,2,3,3,2,3,3,3,3,3,3,3,3,4,4,4,4
8075,4,4,2,4,4,4,4,4,4,4,4,1,4,4,4,4,4,4,4
8077,4,4,2,4,4,4,4,4,4,4,4,1,4,4,4,1,4,4,4
8078,4,4,2,1,4,4,4,4,4,4,4,4,4,4,4,4,4,4,4
8079,4,4,3,3,3,4,4,4,4,4,4,4,4,4,4,4,4,4,4
8082,4,4,2,2,4,4,4,4,4,4,4,1,4,4,4,4,4,4,4
8083,4,4,3,2,1,4,4,4,4,4,4,4,4,4,4,4,4,4,4
8084,4,4,2,1,1,4,1,3,3,1,3,3,3,3,4,4,4,4,4
8085,4,4,3,4,4,4,1,4,4,4,4,4,4,4,4,4,4,4,4
8086,4,4,2,4,4,4,3,1,2,3,1,2,2,2,2,2,2,1,4
8093,4,4,2,4,4,4,4,4,4,4,4,4,4,4,4,4,4,4,4
8095,4,4,3,4,4,4,4,4,4,4,4,4,4,4,4,4,4,4,4
8096,4,4,3,4,4,4,4,4,4,4,1,4,4,4,4,4,4,4,4
8097,4,4,2,3,4,4,4,4,4,4,4,4,4,4,4,4,4,4,4
8098,4,4,2,2,1,4,4,4,4,4,4,4,4,4,4,4,4,4,4
8101,4,4,3,1,1,4,2,1,3,3,4,1,3,3,4,4,4,4,4
8106,4,4,3,2,3,3,3,4,4,4,4,4,4,4,4,4,4,4,4
8108,4,4,2,2,4,1,4,1,3,2,1,2,4,4,3,3,4,4,4
8109,4,4,3,3,2,4,4,4,4,4,4,4,4,4,4,4,4,4,4
8110,4,4,2,3,4,4,4,4,4,4,4,4,4,4,4,4,4,4,4
8111,4,4,3,4,4,4,4,4,4,4,4,4,4,4,4,4,4,4,4
8112,4,4,2,4,1,1,4,4,4,4,4,4,4,4,4,4,4,4,4
8114,4,4,3,1,4,4,4,4,4,4,4,4,4,4,4,4,4,4,4
8115,4,4,2,4,1,1,1,2,4,3,1,3,1,3,3,3,3,1,4
8116,4,4,2,3,1,4,4,4,4,4,4,4,4,4,4,4,4,4,4
8117,4,4,2,1,4,4,4,4,4,4,4,4,4,4,4,4,4,4,4
8119,4,4,2,4,4,1,3,3,2,3,3,3,3,3,4,4,4,4,4
8127,4,4,2,1,4,4,4,4,4,4,4,4,4,4,4,4,4,4,4
8131,4,4,1,1,4,2,1,4,2,2,1,1,2,2,2,2,1,1,2
8133,4,4,1,4,4,4,4,4,4,4,4,4,4,4,4,4,4,4,4
8135,4,4,1,4,4,1,4,3,1,1,3,1,4,1,1,1,4,2,1
8147,4,4,1,4,1,1,4,1,1,4,4,4,4,4,4,4,4,4,4
8149,4,4,1,3,3,4,4,4,4,4,4,4,4,4,4,4,4,4,4
8151,4,4,1,3,4,4,4,4,4,4,4,4,4,4,4,4,4,4,4
8155,4,4,1,4,4,4,4,4,4,4,4,4,4,4,4,4,4,4,4
8158,4,4,1,1,4,4,4,4,4,4,4,4,4,4,4,4,4,4,4
8159,4,4,1,4,4,4,4,4,4,4,4,4,4,4,4,4,4,4,4
8162,4,4,1,4,4,4,4,4,4,4,4,4,4,4,4,4,4,4,4
8163,4,4,1,4,4,4,4,1,2,2,2,2,2,2,2,1,2,1,4
8165,4,4,1,4,4,4,4,4,4,4,4,4,4,4,4,4,4,4,4
8166,4,4,1,4,4,4,4,4,4,4,4,4,4,4,4,4,4,4,4
8167,4,4,1,1,4,4,4,4,4,4,4,4,4,4,4,4,4,4,4
8168,4,4,1,3,4,4,4,4,4,4,4,4,4,4,4,4,4,4,4
8169,4,4,1,4,4,4,4,4,4,4,4,4,4,4,4,4,4,4,4
8171,4,4,1,1,1,4,4,4,4,4,4,4,4,4,4,4,4,4,4
8172,4,4,1,1,4,4,4,4,4,4,4,4,4,4,4,4,4,4,4
8174,4,4,1,4,4,4,4,4,4,4,4,4,4,4,4,4,4,4,4
8175,4,4,1,1,1,4,4,4,4,4,4,4,4,4,4,4,4,4,4
8177,4,4,1,4,4,4,4,4,4,4,4,4,4,4,4,4,4,4,4
8178,4,4,1,2,4,1,1,1,1,4,1,1,1,1,1,1,4,4,4
8179,4,4,1,1,4,4,1,2,2,4,1,4,2,2,1,2,2,4,1
8181,4,4,1,4,4,4,4,4,4,4,4,4,4,4,4,4,4,4,4
8182,4,4,1,2,4,4,4,4,4,4,4,4,4,4,4,4,4,4,4
8184,4,4,1,4,1,1,1,4,4,2,1,1,2,2,1,2,1,4,2
8185,4,4,1,1,4,4,1,4,4,4,4,4,4,4,4,4,4,4,4
8186,4,4,1,1,4,4,4,4,4,4,4,4,4,4,4,4,4,4,4
8187,4,4,1,4,1,1,1,2,2,4,4,1,1,1,2,1,1,2,1
8191,4,4,1,1,4,4,4,4,4,4,4,4,4,4,4,4,4,4,4
8192,4,4,1,1,1,1,1,1,4,4,4,4,4,4,4,4,4,4,4
8194,4,4,1,1,1,4,4,4,4,4,1,2,2,1,2,1,2,1,1
8196,4,4,1,1,4,4,4,4,4,4,1,4,4,4,4,4,4,4,4
8197,4,4,1,4,4,4,4,4,4,4,4,4,4,4,4,4,4,4,4
8201,4,4,1,3,2,2,1,4,4,4,4,4,4,4,4,4,4,4,4
8204,4,4,1,4,4,4,4,4,4,4,4,4,4,4,4,4,4,4,4
8205,4,4,1,3,4,4,4,4,4,4,4,4,4,4,4,4,4,4,4
8216,4,4,1,4,4,1,2,2,2,2,2,2,2,2,2,2,1,4,1
8218,4,4,1,4,4,4,4,4,4,4,4,4,4,4,4,4,4,4,4
8220,4,4,1,4,4,4,4,4,4,4,4,4,4,4,4,4,4,4,4
8222,4,4,1,4,4,2,1,1,4,2,2,1,1,1,2,1,1,1,2
8231,4,4,1,4,4,4,4,4,4,4,4,4,4,4,4,4,4,4,4
8232,4,4,1,4,4,4,4,4,4,4,4,4,4,4,4,4,4,4,4
8847,4,4,4,3,1,4,4,2,3,3,1,2,2,3,3,3,4,4,4
8848,4,4,4,3,3,3,1,3,3,2,2,1,2,3,3,3,2,4,4
8850,4,4,4,3,1,4,4,4,4,4,4,1,4,4,4,4,4,4,4
8853,4,4,4,3,1,1,4,4,4,4,4,4,4,4,4,4,4,4,4
8855,4,4,4,3,2,4,1,2,1,3,3,3,3,3,3,3,3,4,4
8859,4,4,4,3,2,4,4,4,4,4,4,4,4,4,4,4,4,4,4
8860,4,4,4,3,1,1,1,1,1,3,3,3,3,4,3,3,3,3,4
8861,4,4,4,3,3,4,4,4,4,4,4,4,4,4,4,4,4,4,4
8863,4,4,4,3,4,4,4,4,4,4,4,4,4,4,4,4,4,4,4
8865,4,4,4,3,1,4,2,1,3,3,3,2,2,3,3,3,3,3,2
8869,4,4,4,3,1,2,1,4,4,4,4,4,4,4,4,4,4,4,4
8870,4,4,4,3,4,4,4,4,4,4,4,4,4,4,4,4,4,4,4
8873,4,4,4,3,4,4,4,4,4,4,4,4,4,4,4,4,4,4,4
8874,4,4,4,3,3,1,4,3,3,3,4,4,4,4,4,4,4,4,4
8876,4,4,4,3,4,1,4,3,2,2,3,4,4,4,4,4,4,4,4
8880,4,4,4,3,4,4,4,4,4,4,4,4,4,4,4,4,4,4,4
8881,4,4,4,3,4,1,4,3,1,2,1,2,4,2,2,1,2,4,4
8888,4,4,4,3,4,4,4,3,3,3,1,3,3,3,3,2,2,3,1
8890,4,4,4,3,1,1,2,3,3,3,3,3,3,3,3,3,3,3,1
8891,4,4,4,3,4,4,1,4,4,4,4,4,4,4,4,4,4,4,4
8893,4,4,4,3,4,4,4,4,1,4,4,4,4,4,4,4,4,4,4
8897,4,4,4,3,2,3,4,4,4,4,4,4,4,4,4,4,4,4,4
8899,4,4,4,3,2,3,2,2,3,3,3,1,3,3,3,3,3,3,2
8900,4,4,4,2,4,4,4,4,4,4,4,4,4,4,4,4,4,4,4
8905,4,4,4,3,1,1,1,2,4,4,4,4,4,4,4,4,4,4,4
8906,4,4,4,3,4,4,4,4,4,4,4,4,4,4,4,4,4,4,4
8910,4,4,4,3,1,1,4,4,3,3,3,3,3,3,3,3,3,3,4
8912,4,4,4,3,4,4,4,4,1,4,4,4,4,4,4,4,4,4,4
8913,4,4,4,3,1,4,4,4,4,4,4,4,4,4,4,4,4,4,4
8915,4,4,4,3,4,4,4,4,4,4,4,4,4,4,4,4,4,4,4
8918,4,4,4,3,4,4,4,4,1,4,4,4,4,4,4,4,4,4,4
8919,4,4,4,3,1,4,4,4,4,4,4,4,4,4,4,4,4,4,4
8920,4,4,4,2,4,4,4,3,2,3,3,3,4,4,4,4,4,4,4
8923,4,4,4,1,1,1,1,2,2,3,3,3,3,3,3,3,3,3,1
8925,4,4,4,1,4,2,2,2,2,3,4,4,4,4,4,4,4,4,4
8926,4,4,4,2,1,4,4,4,4,4,4,4,4,4,4,4,4,4,4
8927,4,4,4,1,4,4,4,4,4,4,4,4,4,4,4,4,4,4,4
8932,4,4,4,1,1,3,2,4,4,4,4,4,4,4,4,4,4,4,4
8933,4,4,4,1,4,4,4,4,4,4,4,4,4,4,4,4,4,4,4
8936,4,4,4,2,4,1,4,3,4,4,4,4,4,4,4,4,4,4,4
8938,4,4,4,1,1,1,4,3,2,2,4,4,4,4,4,4,4,4,4
8939,4,4,4,1,1,1,4,4,4,3,3,4,4,4,4,4,4,4,4
8941,4,4,4,1,1,1,4,4,4,3,3,3,3,3,4,4,4,4,4
8942,4,4,4,2,4,4,4,4,4,4,4,4,4,4,4,4,4,4,4
8951,4,4,4,2,4,1,1,2,2,2,3,2,3,3,3,3,3,3,1
8953,4,4,4,1,1,1,1,4,1,4,4,4,4,4,4,4,4,4,4
8954,4,4,4,2,1,1,4,4,4,4,4,4,4,4,4,4,4,4,4
8956,4,4,4,2,4,4,4,2,3,3,4,4,4,4,1,4,4,4,4
8957,4,4,4,1,4,4,4,4,4,4,4,4,4,4,4,4,4,4,4
8960,4,4,4,2,1,4,1,1,2,3,3,3,1,3,3,3,3,3,2
8961,4,4,4,2,1,4,4,4,1,4,4,4,4,4,4,4,4,4,4
8966,4,4,4,1,4,4,4,4,4,4,4,4,4,4,4,4,4,4,4
8969,4,4,4,1,1,1,4,1,3,4,3,4,3,3,4,3,3,3,4
8970,4,4,4,1,4,4,4,4,4,4,4,4,4,4,4,4,4,4,4
8971,4,4,4,2,1,4,4,4,4,4,4,4,4,4,4,4,4,4,4
8972,4,4,4,1,4,4,4,3,1,1,3,2,2,4,4,4,4,4,4
8975,4,4,4,2,1,4,4,4,4,4,4,4,4,4,4,4,4,4,4
8976,4,4,4,2,4,4,1,2,2,2,2,2,2,1,4,4,4,4,4
8977,4,4,4,2,4,4,4,4,4,4,4,4,4,4,4,4,4,4,4
8978,4,4,4,2,1,4,4,4,4,4,4,4,4,4,4,4,4,4,4
8981,4,4,4,1,4,4,4,4,4,4,4,4,4,4,4,4,4,4,4
8982,4,4,4,2,4,4,4,4,4,4,4,4,4,4,4,4,4,4,4
8983,4,4,4,2,1,4,4,4,4,4,4,4,4,4,4,4,4,4,4
8986,4,4,4,1,4,4,4,4,4,4,4,4,4,4,4,4,4,4,4
8987,4,4,4,2,1,4,1,3,3,3,3,3,3,4,4,4,4,4,4
8990,4,4,4,1,1,4,1,4,4,4,4,4,4,4,4,4,4,4,4
8991,4,4,4,1,1,4,1,3,1,4,4,4,4,4,4,4,4,4,4
8992,4,4,4,2,4,4,4,4,4,4,4,4,4,4,4,4,4,4,4
8993,4,4,4,2,1,4,4,4,4,4,4,4,4,4,4,4,4,4,4
8994,4,4,4,2,4,1,4,1,2,3,4,4,2,1,1,4,1,1,1
9145,4,4,4,1,4,4,4,4,4,4,4,4,4,4,4,4,4,4,4
9152,4,4,4,1,4,4,4,4,4,4,4,4,4,4,4,4,4,4,4
9159,4,4,4,1,4,4,4,4,4,4,4,4,4,4,4,4,4,4,4
9160,4,4,4,1,4,4,4,4,4,4,4,4,4,4,4,4,4,4,4
9161,4,4,4,1,1,4,4,4,4,4,4,4,4,4,4,4,4,4,4
9162,4,4,4,1,4,4,4,4,4,4,4,4,4,4,4,4,4,4,4
9163,4,4,4,1,4,4,4,4,4,4,4,4,4,4,4,4,4,4,4
9166,4,4,4,1,4,4,4,4,4,4,4,4,4,4,4,4,4,4,4
9168,4,4,4,1,4,4,4,4,4,4,4,4,4,4,4,4,4,4,4
9170,4,4,4,1,4,4,4,1,1,2,1,1,2,1,1,2,2,2,4
9176,4,4,4,1,4,4,4,4,4,4,4,4,4,4,4,4,4,4,4
9177,4,4,4,1,1,1,4,4,2,1,1,1,4,4,4,4,4,4,4
9178,4,4,4,1,4,4,4,4,4,4,4,4,4,4,4,4,4,4,4
9184,4,4,4,1,4,1,4,1,1,1,1,2,1,1,4,4,4,4,4
9185,4,4,4,1,4,4,4,4,4,4,4,4,4,4,4,4,4,4,4
9186,4,4,4,1,4,4,4,4,4,4,4,4,4,4,4,4,4,4,4
9187,4,4,4,1,4,4,4,4,1,1,1,1,4,1,4,4,4,4,4
9189,4,4,4,1,4,4,4,4,4,4,4,4,4,4,4,4,4,4,4
9192,4,4,4,1,4,4,4,1,1,1,1,1,1,2,4,4,4,4,4
9193,4,4,4,1,4,4,4,4,4,4,4,4,4,4,4,4,4,4,4
9195,4,4,4,1,4,4,4,4,4,4,4,4,4,4,4,4,4,4,4
9200,4,4,4,1,4,1,4,1,1,1,2,2,1,1,1,2,4,4,4
9202,4,4,4,1,1,4,4,4,2,1,1,2,2,1,1,1,2,4,1
9204,4,4,4,1,1,4,4,4,4,4,4,4,4,4,4,4,4,4,4
9206,4,4,4,1,1,1,1,1,1,1,1,4,4,1,1,4,1,4,4
9209,4,4,4,1,4,4,4,4,4,4,4,4,4,4,4,4,4,4,4
9210,4,4,4,1,1,1,2,2,2,1,1,2,2,2,2,1,1,4,4
9212,4,4,4,1,1,1,4,4,4,1,1,2,1,1,1,1,1,2,1
9213,4,4,4,1,1,1,4,1,1,4,2,1,1,1,2,4,3,3,2
9218,4,4,4,1,4,4,4,4,4,4,4,4,4,4,4,4,4,4,4
9222,4,4,4,1,1,1,1,1,1,2,1,1,1,1,1,1,1,1,4
9225,4,4,4,1,4,4,4,4,4,4,4,4,4,4,4,4,4,4,4
9228,4,4,4,1,4,1,1,2,1,4,4,4,4,4,4,4,4,4,4
9229,4,4,4,1,4,4,4,4,4,4,4,4,4,4,4,4,4,4,4
9230,4,4,4,1,4,4,4,4,4,4,4,4,4,4,4,4,4,4,4
9231,4,4,4,1,4,4,4,4,4,4,4,4,4,4,4,4,4,4,4
9234,4,4,4,1,4,1,4,1,1,4,4,4,4,4,4,4,4,4,4
9235,4,4,4,1,4,4,4,4,4,4,4,4,4,4,4,4,4,4,4
9236,4,4,4,1,4,1,4,4,1,1,1,1,4,2,1,2,1,2,4
9238,4,4,4,1,4,1,4,4,1,1,4,1,1,2,1,1,1,2,1
9239,4,4,4,1,1,4,4,1,1,1,1,1,4,4,4,4,4,4,4
9241,4,4,4,1,4,4,4,4,4,1,1,2,1,2,1,2,4,4,4
9243,4,4,4,1,1,1,4,1,1,1,2,2,4,1,4,1,1,4,1
9244,4,4,4,1,4,4,4,4,4,4,4,4,4,4,4,4,4,4,4
10308,4,4,4,4,2,4,1,1,3,3,3,3,3,3,3,3,3,3,1
10310,4,4,4,4,3,4,4,1,4,4,3,2,3,3,3,3,3,3,4
10313,4,4,4,4,2,1,4,4,1,1,1,2,2,2,2,2,2,2,2
10314,4,4,4,4,3,4,4,4,4,4,4,4,4,4,4,4,4,4,4
10315,4,4,4,4,2,4,2,1,1,1,4,4,1,4,1,4,4,1,4
10320,4,4,4,4,3,4,2,4,3,3,3,3,3,3,3,3,3,3,2
10322,4,4,4,4,2,3,3,3,3,3,3,2,3,3,3,3,3,3,1
10323,4,4,4,4,3,3,2,3,3,4,4,4,4,4,4,4,4,4,4
10324,4,4,4,4,3,3,4,4,4,4,4,4,4,4,4,4,4,4,4
10326,4,4,4,4,2,1,4,1,1,1,4,4,4,4,4,4,4,4,4
10331,4,4,4,4,2,3,2,3,3,3,3,3,2,3,3,3,3,3,1
10336,4,4,4,4,3,4,4,4,4,4,4,4,4,4,4,4,4,4,4
10337,4,4,4,4,2,3,2,4,4,4,4,4,4,4,4,4,4,4,4
10339,4,4,4,4,2,4,4,4,4,4,4,1,4,4,4,4,4,4,4
10341,4,4,4,4,2,4,4,4,4,4,4,4,4,4,4,4,4,4,4
10345,4,4,4,4,3,4,4,4,4,4,4,4,4,4,4,4,4,4,4
10350,4,4,4,4,2,1,1,2,4,4,4,4,4,4,4,4,4,4,4
10353,4,4,4,4,2,4,1,1,1,1,4,4,4,4,4,4,4,4,4
10354,4,4,4,4,3,3,3,3,3,3,3,3,3,3,3,3,3,3,1
10355,4,4,4,4,2,1,4,1,2,3,3,1,1,3,4,1,3,1,2
10356,4,4,4,4,2,4,4,4,4,4,4,4,4,4,4,4,4,4,4
10357,4,4,4,4,3,1,1,1,1,2,2,1,1,1,1,1,1,1,1
10358,4,4,4,4,3,4,4,4,4,4,4,4,4,4,4,4,4,4,4
10359,4,4,4,4,2,1,4,4,3,3,3,3,3,3,3,3,3,4,1
10360,4,4,4,4,3,4,4,4,4,4,4,4,4,4,4,4,4,4,4
10361,4,4,4,4,2,4,4,4,4,4,4,4,4,4,4,4,4,4,4
10363,4,4,4,4,2,1,1,4,1,3,3,3,3,3,3,3,4,3,2
10364,4,4,4,4,3,1,1,1,1,3,1,3,3,3,3,3,3,3,1
10366,4,4,4,4,2,4,4,4,4,4,4,4,4,4,4,4,4,4,4
10370,4,4,4,4,2,1,4,4,4,4,4,4,4,4,4,4,4,4,4
10371,4,4,4,4,2,4,4,4,4,4,4,4,4,4,4,4,4,4,4
10372,4,4,4,4,2,1,2,1,1,3,3,1,1,3,3,3,2,3,1
10373,4,4,4,4,3,1,4,4,4,1,4,4,4,4,4,4,4,4,4
10376,4,4,4,4,1,4,4,4,4,4,4,4,4,4,4,4,4,4,4
10377,4,4,4,4,2,1,4,1,1,4,1,3,1,3,3,4,4,4,4
10380,4,4,4,4,3,3,2,3,3,3,3,3,3,3,3,3,3,3,1
10381,4,4,4,4,2,1,2,3,2,3,3,3,4,4,4,4,4,1,4
10385,4,4,4,4,1,4,4,4,4,4,4,4,4,4,4,4,4,4,4
10387,4,4,4,4,1,4,4,4,1,4,1,2,4,4,1,4,4,4,4
10391,4,4,4,4,1,4,4,4,4,4,4,4,4,4,4,4,4,4,4
10395,4,4,4,4,1,4,4,4,4,4,4,4,4,4,4,4,4,4,4
10397,4,4,4,4,1,1,2,1,4,2,1,2,2,2,2,1,4,1,2
10398,4,4,4,4,1,4,4,4,4,4,4,4,4,4,4,4,4,4,4
10399,4,4,4,4,1,1,4,4,4,4,4,4,4,4,4,4,4,4,4
10400,4,4,4,4,1,4,1,4,4,4,4,4,4,4,4,4,4,4,4
10402,4,4,4,4,1,2,4,4,4,1,1,1,1,3,1,1,1,1,4
10408,4,4,4,4,1,4,1,4,1,2,4,2,2,1,2,4,1,4,1
10414,4,4,4,4,1,1,4,4,4,4,4,4,4,4,4,4,4,4,4
10415,4,4,4,4,1,4,4,4,4,4,4,4,4,4,4,4,4,4,4
10417,4,4,4,4,1,1,4,4,4,2,1,1,2,1,2,1,2,1,4
10420,4,4,4,4,1,4,4,4,4,4,4,4,4,4,4,4,4,4,4
10422,4,4,4,4,1,4,4,4,4,4,4,4,4,4,4,4,4,4,4
10424,4,4,4,4,1,1,1,3,1,3,4,4,1,4,1,4,4,1,4
10429,4,4,4,4,1,4,4,4,1,2,4,2,2,2,2,2,1,1,4
10435,4,4,4,4,1,2,4,1,2,2,1,2,2,2,1,1,1,1,1
10439,4,4,4,4,1,1,4,4,4,4,4,4,4,4,4,4,4,4,4
10440,4,4,4,4,1,1,1,1,2,2,1,2,2,2,2,1,1,1,1
10442,4,4,4,4,1,4,4,4,4,4,4,4,4,4,4,4,4,4,4
10443,4,4,4,4,1,4,4,4,4,4,4,4,4,4,4,4,4,4,4
10445,4,4,4,4,1,4,4,4,4,4,4,4,4,4,4,4,4,4,4
10447,4,4,4,4,1,4,2,4,4,4,1,4,4,4,1,1,4,4,4
10448,4,4,4,4,1,4,1,1,1,1,4,2,1,4,1,2,4,1,4
10449,4,4,4,4,1,1,4,4,2,4,1,2,2,1,4,1,4,4,1
10451,4,4,4,4,1,4,4,4,4,4,4,4,4,4,4,4,4,4,4
10452,4,4,4,4,1,3,2,4,4,4,4,4,4,4,4,4,4,4,4
10453,4,4,4,4,1,4,4,4,4,4,4,4,4,4,4,4,4,4,4
10456,4,4,4,4,1,1,4,4,4,4,4,4,4,4,4,4,4,4,4
10457,4,4,4,4,1,4,4,4,4,4,4,4,4,4,4,4,4,4,4
10458,4,4,4,4,1,4,4,1,1,4,4,4,4,4,4,4,4,4,4
10459,4,4,4,4,1,4,4,4,4,4,4,4,4,4,4,4,4,4,4
10461,4,4,4,4,1,1,1,1,1,4,4,4,4,4,4,4,4,4,4
10462,4,4,4,4,1,1,4,4,4,4,4,4,4,4,4,4,4,4,4
10463,4,4,4,4,1,4,4,4,4,4,4,4,4,4,4,4,4,4,4
10467,4,4,4,4,1,4,4,4,4,4,4,4,4,4,4,4,4,4,4
10468,4,4,4,4,1,1,4,4,3,4,4,4,1,3,4,4,1,4,4
10470,4,4,4,4,1,4,4,4,4,4,4,4,4,4,4,4,4,4,4
10473,4,4,4,4,1,4,4,4,4,4,4,4,4,4,4,4,4,4,4
10477,4,4,4,4,1,1,1,4,1,4,2,2,4,2,2,2,1,1,1
10478,4,4,4,4,1,1,1,4,1,2,1,1,1,1,4,1,4,4,4
10479,4,4,4,4,1,4,1,1,3,3,3,3,3,3,3,4,3,1,2
10480,4,4,4,4,1,1,4,4,1,4,4,4,4,4,4,4,4,4,4
10481,4,4,4,4,1,4,4,4,4,4,4,4,4,4,4,4,4,4,4
10482,4,4,4,4,1,1,1,4,4,4,4,4,4,4,4,4,4,4,4
10483,4,4,4,4,1,4,1,4,1,1,2,4,2,2,2,1,4,1,4
10484,4,4,4,4,1,4,4,4,4,4,1,2,4,2,1,1,4,1,4
10486,4,4,4,4,1,4,4,4,4,4,4,4,4,4,4,4,4,4,4
10488,4,4,4,4,1,4,4,4,4,1,1,1,4,1,4,1,1,1,4
10493,4,4,4,4,1,3,4,1,3,3,2,1,4,4,4,4,4,4,4
11315,4,4,4,4,4,3,4,4,4,4,4,4,4,4,4,4,4,4,4
11321,4,4,4,4,4,3,4,1,2,2,2,2,2,1,1,1,1,2,1
11322,4,4,4,4,4,3,4,4,4,4,4,4,4,4,4,4,4,4,4
11324,4,4,4,4,4,2,1,4,4,1,4,4,4,4,4,4,4,4,4
11326,4,4,4,4,4,3,4,4,1,4,4,4,4,4,4,4,4,4,4
11327,4,4,4,4,4,3,1,3,2,3,3,2,3,4,4,4,1,4,4
11328,4,4,4,4,4,3,4,4,1,3,3,2,3,4,4,4,4,4,4
11332,4,4,4,4,4,3,1,2,3,3,4,4,4,4,4,4,4,4,4
11333,4,4,4,4,4,3,4,4,4,4,4,4,4,4,4,4,4,4,4
11335,4,4,4,4,4,3,4,4,4,4,4,4,4,4,4,4,4,4,4
11336,4,4,4,4,4,3,4,4,4,4,4,4,4,4,4,4,4,4,4
11337,4,4,4,4,4,3,1,4,4,4,4,4,4,4,4,4,4,4,4
11338,4,4,4,4,4,3,4,4,4,4,4,1,4,4,4,4,4,4,4
11342,4,4,4,4,4,3,4,4,4,4,4,4,4,4,4,4,4,4,4
11344,4,4,4,4,4,3,4,4,4,4,4,4,4,4,4,4,4,4,4
11347,4,4,4,4,4,3,4,4,4,4,4,4,4,4,4,4,4,4,4
11348,4,4,4,4,4,3,1,4,4,4,4,4,4,4,4,4,4,4,4
11351,4,4,4,4,4,3,1,1,2,2,3,3,3,1,3,3,3,4,4
11354,4,4,4,4,4,3,4,4,4,1,3,3,3,3,3,3,3,3,1
11357,4,4,4,4,4,3,1,1,1,4,4,4,4,4,4,4,4,4,4
11358,4,4,4,4,4,3,1,1,4,4,4,4,4,4,4,4,4,4,4
11366,4,4,4,4,4,2,4,4,4,4,4,4,4,4,4,4,4,4,4
11367,4,4,4,4,4,3,1,1,2,2,3,3,2,2,1,2,3,3,1
11368,4,4,4,4,4,3,4,4,4,4,2,4,4,4,4,4,4,4,4
11371,4,4,4,4,4,3,1,4,3,3,3,2,3,2,3,3,3,3,4
11372,4,4,4,4,4,3,4,4,4,1,3,2,3,2,2,1,4,4,4
11374,4,4,4,4,4,2,4,4,4,2,1,1,4,4,4,4,4,4,4
11376,4,4,4,4,4,3,4,4,4,4,4,1,2,4,4,4,4,4,4
11379,4,4,4,4,4,3,1,2,1,1,3,3,3,1,3,2,3,4,4
11380,4,4,4,4,4,2,4,4,4,4,4,4,4,4,1,4,4,4,4
11381,4,4,4,4,4,3,4,4,4,4,4,4,4,4,4,4,4,4,4
11382,4,4,4,4,4,3,1,4,1,1,1,2,1,1,4,4,4,4,4
11383,4,4,4,4,4,2,1,4,4,1,4,4,4,4,4,4,4,4,4
11385,4,4,4,4,4,3,1,4,4,4,4,4,4,4,4,4,4,4,4
11386,4,4,4,4,4,3,4,4,4,2,1,4,1,4,1,1,4,1,1
11387,4,4,4,4,4,3,4,4,4,4,4,4,4,4,4,4,4,4,4
11390,4,4,4,4,4,3,1,3,3,3,3,3,3,3,3,3,3,3,1
11391,4,4,4,4,4,3,1,4,4,4,4,4,4,4,4,4,4,4,4
11394,4,4,4,4,4,1,1,4,1,2,3,2,1,2,4,2,2,3,4
11396,4,4,4,4,4,3,1,2,2,3,3,3,3,4,4,4,4,4,4
11399,4,4,4,4,4,3,4,1,1,1,1,1,4,4,1,1,1,4,4
11400,4,4,4,4,4,2,4,4,4,4,4,4,4,4,4,4,4,4,4
11401,4,4,4,4,4,3,2,4,1,1,3,2,3,1,1,2,3,2,1
11406,4,4,4,4,4,2,4,4,1,4,4,4,4,4,4,4,4,4,4
11407,4,4,4,4,4,3,1,2,3,3,2,2,3,3,3,3,3,3,2
11408,4,4,4,4,4,2,4,4,4,4,4,4,4,4,4,4,4,4,4
11409,4,4,4,4,4,3,4,4,4,4,4,4,4,4,4,4,4,4,4
11410,4,4,4,4,4,3,4,4,4,4,4,4,4,4,4,4,4,4,4
11412,4,4,4,4,4,3,4,4,4,4,4,4,4,4,4,4,4,4,4
11414,4,4,4,4,4,3,4,4,4,4,4,4,4,4,4,4,4,4,4
11415,4,4,4,4,4,3,1,1,2,2,3,3,3,3,3,4,4,4,4
11416,4,4,4,4,4,3,4,4,4,4,4,4,4,4,4,1,4,4,4
11424,4,4,4,4,4,3,1,4,4,4,4,4,4,4,4,4,4,4,4
11426,4,4,4,4,4,3,4,4,4,4,4,4,4,4,4,4,4,4,4
11427,4,4,4,4,4,3,1,4,4,4,4,4,4,4,4,4,4,4,4
11429,4,4,4,4,4,3,1,3,3,1,1,4,4,4,4,4,4,4,4
11430,4,4,4,4,4,3,1,1,4,2,3,2,4,1,1,1,2,1,4
11432,4,4,4,4,4,3,4,4,1,2,2,3,2,3,4,4,4,4,4
11439,4,4,4,4,4,3,1,4,4,4,4,1,4,4,4,4,4,4,4
11442,4,4,4,4,4,3,1,4,4,4,4,4,4,4,4,4,4,4,4
11446,4,4,4,4,4,3,4,4,4,1,3,4,3,1,3,3,4,4,4
11447,4,4,4,4,4,3,4,1,4,4,4,3,3,2,3,3,3,3,3
11449,4,4,4,4,4,3,1,4,2,2,3,2,2,3,3,3,3,2,2
11451,4,4,4,4,4,3,4,4,4,4,4,4,4,4,4,4,4,4,4
11455,4,4,4,4,4,3,4,4,4,4,4,4,4,4,4,1,4,4,4
11461,4,4,4,4,4,3,4,4,1,4,2,2,4,4,4,4,4,4,4
11467,4,4,4,4,4,3,4,4,4,4,4,4,4,4,4,4,4,4,4
11470,4,4,4,4,4,3,1,1,2,3,3,1,3,3,3,3,4,4,4
11471,4,4,4,4,4,2,4,4,4,4,4,4,4,4,4,4,4,4,4
11472,4,4,4,4,4,3,4,4,1,1,1,1,2,1,1,4,4,4,4
11477,4,4,4,4,4,3,4,4,4,4,4,4,4,4,4,4,4,4,4
11481,4,4,4,4,4,3,1,2,2,2,3,3,3,3,3,3,3,3,1
11482,4,4,4,4,4,3,1,4,4,4,4,4,4,4,4,4,4,4,4
11488,4,4,4,4,4,3,1,1,4,4,4,4,4,4,4,4,4,4,4
11489,4,4,4,4,4,3,4,4,4,4,4,4,4,4,4,4,4,4,4
11490,4,4,4,4,4,3,1,3,3,3,2,2,3,3,3,2,1,2,1
11492,4,4,4,4,4,3,1,4,1,1,1,1,2,2,2,1,1,1,1
11493,4,4,4,4,4,3,1,4,4,4,4,4,4,4,4,4,4,4,4
11495,4,4,4,4,4,3,1,3,3,3,3,3,3,4,1,3,1,3,4
11497,4,4,4,4,4,3,4,4,4,4,4,4,4,4,4,4,4,4,4
11498,4,4,4,4,4,3,4,4,4,4,4,4,4,4,4,4,4,4,4
11499,4,4,4,4,4,3,4,4,4,1,3,3,2,4,4,2,4,4,1
11502,4,4,4,4,4,3,1,1,1,1,3,3,3,3,3,3,4,4,4
11503,4,4,4,4,4,3,4,2,3,3,3,3,4,4,4,4,4,4,4
11505,4,4,4,4,4,3,4,4,4,4,4,4,4,4,4,4,4,4,4
11506,4,4,4,4,4,3,4,4,4,2,4,4,4,4,4,4,4,4,4
11507,4,4,4,4,4,3,4,4,4,1,3,3,3,4,2,1,4,4,4
11508,4,4,4,4,4,3,4,4,4,4,4,4,4,4,4,4,4,4,4
11509,4,4,4,4,4,3,1,4,3,1,2,2,3,2,1,3,3,2,1
11511,4,4,4,4,4,3,4,4,4,3,2,3,3,1,3,4,4,4,4
11653,4,4,4,4,4,1,4,4,4,4,4,4,4,4,4,4,4,4,4
11654,4,4,4,4,4,1,4,1,1,1,4,4,1,4,4,4,4,4,4
11656,4,4,4,4,4,1,4,4,4,4,4,4,4,4,4,4,4,4,4
11659,4,4,4,4,4,1,4,4,4,4,4,4,4,4,4,4,4,4,4
11661,4,4,4,4,4,1,4,4,4,4,4,4,4,4,4,4,4,4,4
11662,4,4,4,4,4,1,4,4,4,4,4,4,4,4,4,4,4,4,4
11664,4,4,4,4,4,1,4,1,1,1,4,4,4,4,4,4,4,4,4
11665,4,4,4,4,4,1,4,4,4,1,2,2,4,2,1,2,1,1,1
11668,4,4,4,4,4,1,4,4,4,4,4,4,4,4,4,4,4,4,4
11670,4,4,4,4,4,1,4,4,4,4,4,4,4,4,4,4,4,4,4
11671,4,4,4,4,4,2,4,4,4,4,4,4,4,4,4,4,4,4,4
11673,4,4,4,4,4,1,4,4,4,4,4,4,4,4,4,4,4,4,4
11677,4,4,4,4,4,2,4,1,4,4,4,4,4,4,4,4,4,4,4
11681,4,4,4,4,4,2,4,4,4,4,1,1,1,2,1,1,4,4,4
11682,4,4,4,4,4,1,4,4,4,4,4,4,4,4,4,4,4,4,4
11685,4,4,4,4,4,1,4,4,4,4,4,4,4,4,4,4,4,4,4
11688,4,4,4,4,4,1,4,4,4,2,1,1,2,2,4,2,4,4,4
11701,4,4,4,4,4,1,4,4,1,2,2,1,4,1,1,1,4,2,4
11702,4,4,4,4,4,1,4,4,4,4,4,4,4,4,4,4,4,4,4
11705,4,4,4,4,4,2,4,4,4,4,4,4,1,2,4,1,1,1,1
11706,4,4,4,4,4,1,1,4,4,2,2,2,1,1,2,4,4,4,4
11707,4,4,4,4,4,2,4,1,1,1,2,1,1,2,1,4,4,4,4
11710,4,4,4,4,4,1,4,4,4,2,2,2,4,2,1,1,2,3,4
11712,4,4,4,4,4,2,4,1,1,1,1,2,2,2,1,4,1,4,4
11713,4,4,4,4,4,1,4,4,4,4,4,4,4,4,4,4,4,4,4
11715,4,4,4,4,4,1,4,4,4,4,4,4,4,4,4,4,4,4,4
11717,4,4,4,4,4,1,4,4,4,4,4,4,4,4,4,4,4,4,4
11719,4,4,4,4,4,1,4,4,4,4,4,4,4,4,4,4,4,4,4
11725,4,4,4,4,4,1,1,2,1,1,1,1,1,2,4,4,1,2,2
11726,4,4,4,4,4,2,4,4,4,4,4,4,4,4,4,4,4,4,4
11727,4,4,4,4,4,2,4,4,4,4,4,4,4,4,4,4,4,4,4
11729,4,4,4,4,4,1,4,4,1,2,2,2,2,1,2,2,2,1,2
11730,4,4,4,4,4,1,4,1,1,2,1,1,1,2,2,1,1,1,1
11732,4,4,4,4,4,1,4,4,1,1,1,4,2,2,1,2,1,2,1
13392,4,4,4,4,4,4,4,4,2,3,4,4,4,4,4,4,4,4,4
13393,4,4,4,4,4,4,4,4,2,2,2,2,2,2,2,2,4,4,1
13394,4,4,4,4,4,4,4,4,2,1,1,4,2,2,2,1,1,4,2
13399,4,4,4,4,4,4,4,4,2,3,4,4,4,4,4,4,4,4,4
13403,4,4,4,4,4,4,4,4,2,1,4,1,4,2,1,1,4,4,4
13406,4,4,4,4,4,4,4,4,1,4,2,3,2,2,3,3,3,2,4
13407,4,4,4,4,4,4,4,4,2,1,4,4,4,4,2,1,1,4,4
13408,4,4,4,4,4,4,4,4,2,4,4,4,4,1,1,1,1,4,4
13409,4,4,4,4,4,4,4,4,2,1,1,4,2,2,2,2,1,1,4
13417,4,4,4,4,4,4,4,4,2,4,4,4,4,1,4,1,4,4,4
13419,4,4,4,4,4,4,4,4,2,1,1,4,4,4,4,4,4,4,4
13422,4,4,4,4,4,4,4,4,2,1,4,4,4,4,4,4,4,4,4
13424,4,4,4,4,4,4,4,4,2,1,1,1,4,2,2,1,1,4,4
13428,4,4,4,4,4,4,4,4,2,4,1,4,4,4,4,4,4,4,4
13429,4,4,4,4,4,4,4,4,2,4,4,4,4,1,1,1,1,2,1
13432,4,4,4,4,4,4,4,4,2,4,1,4,2,2,2,1,1,1,1
13433,4,4,4,4,4,4,4,4,1,4,4,4,4,4,4,4,4,4,4
13434,4,4,4,4,4,4,4,4,2,4,4,4,4,4,4,4,4,4,4
13435,4,4,4,4,4,4,4,4,2,1,4,1,2,1,2,4,1,4,4
13438,4,4,4,4,4,4,4,4,2,2,4,4,4,4,1,1,1,4,1
13439,4,4,4,4,4,4,4,4,2,4,4,4,4,4,4,4,4,4,4
13440,4,4,4,4,4,4,4,4,2,4,4,4,4,4,4,4,4,4,4
13441,4,4,4,4,4,4,4,4,2,4,1,3,2,1,2,2,1,4,1
13443,4,4,4,4,4,4,4,4,2,4,4,4,4,4,4,4,4,4,4
13445,4,4,4,4,4,4,4,4,2,3,1,3,2,2,2,1,4,4,4
13448,4,4,4,4,4,4,4,4,2,1,1,1,2,1,2,2,1,1,2
13451,4,4,4,4,4,4,4,4,2,2,1,2,2,2,2,2,1,4,2
13452,4,4,4,4,4,4,4,4,2,4,4,4,4,4,4,4,4,4,4
13453,4,4,4,4,4,4,4,4,2,4,4,4,4,4,4,4,4,4,4
13456,4,4,4,4,4,4,4,4,1,4,4,4,4,4,4,4,4,4,4
13460,4,4,4,4,4,4,4,4,2,4,1,4,4,1,1,2,1,4,1
13462,4,4,4,4,4,4,4,4,1,1,4,4,4,4,4,4,4,4,4
13466,4,4,4,4,4,4,4,4,2,4,1,1,1,3,2,3,4,4,4
13467,4,4,4,4,4,4,4,4,2,4,4,4,4,4,4,4,4,4,4
13469,4,4,4,4,4,4,4,4,1,4,4,4,4,4,4,4,4,4,4
13470,4,4,4,4,4,4,4,4,1,4,4,4,4,4,4,4,4,4,4
13475,4,4,4,4,4,4,4,4,2,2,4,4,1,2,4,2,4,1,2
13476,4,4,4,4,4,4,4,4,2,4,4,4,4,4,4,4,4,4,4
13478,4,4,4,4,4,4,4,4,2,4,1,4,2,1,2,1,1,4,2
13481,4,4,4,4,4,4,4,4,2,4,1,1,1,1,1,4,4,4,4
13486,4,4,4,4,4,4,4,4,3,1,1,4,3,3,3,3,3,4,2
13488,4,4,4,4,4,4,4,4,3,4,4,4,4,4,4,4,4,4,4
13490,4,4,4,4,4,4,4,4,3,3,3,2,3,3,3,3,4,3,1
13491,4,4,4,4,4,4,4,4,3,4,1,1,2,3,1,3,3,3,2
13492,4,4,4,4,4,4,4,4,3,1,1,4,4,4,1,1,4,4,4
13494,4,4,4,4,4,4,4,4,3,1,4,4,4,4,4,4,4,4,4
13496,4,4,4,4,4,4,4,4,3,1,4,4,4,4,4,4,4,4,4
13497,4,4,4,4,4,4,4,4,3,4,4,4,4,4,4,4,4,4,4
13499,4,4,4,4,4,4,4,4,3,1,1,1,2,2,1,1,2,3,4
13500,4,4,4,4,4,4,4,4,3,1,1,4,4,4,4,4,4,4,4
13504,4,4,4,4,4,4,4,4,2,4,4,1,4,4,4,4,4,4,4
13505,4,4,4,4,4,4,4,4,2,1,1,2,4,1,3,3,2,2,2
13508,4,4,4,4,4,4,4,4,3,4,4,1,4,4,4,4,4,4,4
13509,4,4,4,4,4,4,4,4,3,1,4,4,4,4,4,4,4,4,4
13511,4,4,4,4,4,4,4,4,3,4,1,4,4,4,4,4,4,4,4
13515,4,4,4,4,4,4,4,4,3,4,1,4,2,3,3,3,4,4,4
13517,4,4,4,4,4,4,4,4,2,1,4,4,4,4,4,4,4,4,4
13518,4,4,4,4,4,4,4,4,2,1,3,4,4,4,4,4,4,4,1
13520,4,4,4,4,4,4,4,4,2,3,4,4,4,4,4,4,4,4,4
13521,4,4,4,4,4,4,4,4,2,1,4,4,4,4,4,4,4,4,4
13523,4,4,4,4,4,4,4,4,3,3,4,4,4,4,4,4,4,4,4
13525,4,4,4,4,4,4,4,4,3,3,3,4,4,2,3,3,3,3,1
13528,4,4,4,4,4,4,4,4,3,1,1,1,4,4,4,4,4,4,4
13530,4,4,4,4,4,4,4,4,3,3,1,4,4,4,4,4,4,4,4
13531,4,4,4,4,4,4,4,4,3,4,4,4,4,4,4,4,4,4,4
13532,4,4,4,4,4,4,4,4,2,4,4,4,4,4,4,4,4,4,4
13533,4,4,4,4,4,4,4,4,3,4,4,4,4,1,1,4,4,1,4
13534,4,4,4,4,4,4,4,4,3,4,4,1,2,2,4,2,1,4,4
13536,4,4,4,4,4,4,4,4,2,1,1,4,1,3,3,3,3,3,1
13538,4,4,4,4,4,4,4,4,3,4,4,4,4,4,4,4,4,4,4
13540,4,4,4,4,4,4,4,4,3,4,4,4,4,4,4,4,4,4,4
13541,4,4,4,4,4,4,4,4,3,4,1,4,4,4,4,4,4,4,4
13546,4,4,4,4,4,4,4,4,3,2,4,2,4,2,2,2,1,1,1
13547,4,4,4,4,4,4,4,4,3,1,1,3,4,4,4,4,4,4,4
13548,4,4,4,4,4,4,4,4,3,3,1,1,4,3,3,3,3,3,2
13549,4,4,4,4,4,4,4,4,3,3,4,4,4,4,4,4,4,4,4
13550,4,4,4,4,4,4,4,4,1,4,4,4,4,4,4,4,4,4,4
13552,4,4,4,4,4,4,4,4,3,4,1,4,4,4,4,4,4,4,4
13556,4,4,4,4,4,4,4,4,3,4,4,4,4,4,4,4,4,4,4
13558,4,4,4,4,4,4,4,4,3,2,2,2,2,3,3,1,3,3,1
13559,4,4,4,4,4,4,4,4,3,4,2,2,2,2,3,3,4,4,4
13560,4,4,4,4,4,4,4,4,2,4,4,1,2,2,4,4,4,4,4
13561,4,4,4,4,4,4,4,4,2,4,1,1,1,3,1,2,3,4,4
13562,4,4,4,4,4,4,4,4,3,4,4,4,4,4,4,4,4,4,4
13564,4,4,4,4,4,4,4,4,3,4,4,4,4,4,4,4,4,4,4
13871,4,4,4,4,4,4,4,4,4,2,4,4,4,4,4,4,4,4,4
13873,4,4,4,4,4,4,4,4,4,2,4,1,4,1,4,4,4,4,4
13874,4,4,4,4,4,4,4,4,4,2,1,4,4,4,4,4,4,4,4
13876,4,4,4,4,4,4,4,4,4,3,4,4,4,4,3,3,4,3,1
13879,4,4,4,4,4,4,4,4,4,2,4,1,1,4,2,3,4,2,4
13880,4,4,4,4,4,4,4,4,4,2,4,4,4,4,4,4,4,4,4
13884,4,4,4,4,4,4,4,4,4,2,4,4,4,4,4,4,4,4,4
13887,4,4,4,4,4,4,4,4,4,2,4,4,4,4,4,4,4,4,4
13889,4,4,4,4,4,4,4,4,4,2,4,1,1,1,1,2,3,4,4
13892,4,4,4,4,4,4,4,4,4,2,1,1,4,4,4,4,4,4,4
13893,4,4,4,4,4,4,4,4,4,2,4,4,4,4,4,4,4,4,4
13894,4,4,4,4,4,4,4,4,4,2,4,4,4,4,4,4,4,4,4
13895,4,4,4,4,4,4,4,4,4,3,4,4,1,2,3,4,3,4,4
13898,4,4,4,4,4,4,4,4,4,1,4,4,4,4,4,4,4,4,4
13900,4,4,4,4,4,4,4,4,4,3,4,1,1,2,3,1,3,3,4
13901,4,4,4,4,4,4,4,4,4,2,3,1,1,2,1,3,3,3,1
13902,4,4,4,4,4,4,4,4,4,1,4,4,4,4,4,4,4,4,4
13903,4,4,4,4,4,4,4,4,4,3,4,4,4,4,4,4,4,4,4
13906,4,4,4,4,4,4,4,4,4,2,4,4,4,4,4,4,4,4,4
13909,4,4,4,4,4,4,4,4,4,2,4,4,1,4,1,1,1,1,4
13915,4,4,4,4,4,4,4,4,4,2,1,1,4,1,4,4,4,4,4
13918,4,4,4,4,4,4,4,4,4,2,4,2,2,1,1,1,4,4,2
13920,4,4,4,4,4,4,4,4,4,2,4,4,4,4,4,4,4,4,4
13922,4,4,4,4,4,4,4,4,4,2,4,1,4,4,4,4,4,4,4
13924,4,4,4,4,4,4,4,4,4,2,4,4,4,4,4,4,4,4,4
13927,4,4,4,4,4,4,4,4,4,2,4,4,4,4,4,4,4,4,4
13929,4,4,4,4,4,4,4,4,4,2,3,1,4,4,4,4,4,4,4
13930,4,4,4,4,4,4,4,4,4,2,1,1,1,2,1,3,3,1,1
13935,4,4,4,4,4,4,4,4,4,2,1,1,1,1,2,2,1,4,4
13938,4,4,4,4,4,4,4,4,4,2,4,1,4,2,3,2,4,4,4
13939,4,4,4,4,4,4,4,4,4,2,4,4,4,4,4,4,4,4,4
13944,4,4,4,4,4,4,4,4,4,2,4,4,4,4,4,4,4,4,4
13945,4,4,4,4,4,4,4,4,4,2,4,4,4,4,4,4,4,4,4
13948,4,4,4,4,4,4,4,4,4,2,4,4,4,4,4,4,4,4,4
13951,4,4,4,4,4,4,4,4,4,2,4,4,4,4,4,4,4,4,4
13954,4,4,4,4,4,4,4,4,4,2,4,4,4,4,4,3,4,3,4
13957,4,4,4,4,4,4,4,4,4,2,4,4,4,4,4,4,4,4,4
13960,4,4,4,4,4,4,4,4,4,2,4,1,1,1,3,1,3,4,4
13965,4,4,4,4,4,4,4,4,4,2,4,4,4,4,4,4,4,4,4
13966,4,4,4,4,4,4,4,4,4,2,1,1,1,1,3,3,4,4,4
13967,4,4,4,4,4,4,4,4,4,2,1,4,1,4,4,4,4,4,4
13968,4,4,4,4,4,4,4,4,4,2,4,4,4,2,1,3,4,3,1
13977,4,4,4,4,4,4,4,4,4,3,1,1,1,4,3,3,4,3,1
13978,4,4,4,4,4,4,4,4,4,3,4,4,4,4,4,4,4,4,4
13980,4,4,4,4,4,4,4,4,4,3,4,4,4,4,4,4,4,4,4
13982,4,4,4,4,4,4,4,4,4,3,4,4,4,4,4,4,4,4,4
13983,4,4,4,4,4,4,4,4,4,3,4,4,4,4,4,4,4,4,4
13987,4,4,4,4,4,4,4,4,4,3,4,4,4,4,4,4,4,4,4
13992,4,4,4,4,4,4,4,4,4,3,1,4,4,4,4,4,4,4,4
13993,4,4,4,4,4,4,4,4,4,3,1,4,1,3,3,4,4,4,4
13994,4,4,4,4,4,4,4,4,4,3,4,4,4,4,4,4,4,4,4
13995,4,4,4,4,4,4,4,4,4,3,4,4,4,1,1,4,3,4,4
13996,4,4,4,4,4,4,4,4,4,3,4,4,4,4,4,4,4,4,4
13997,4,4,4,4,4,4,4,4,4,3,1,4,4,4,3,3,4,4,4
13999,4,4,4,4,4,4,4,4,4,3,4,1,4,4,4,4,4,4,4
14001,4,4,4,4,4,4,4,4,4,3,4,4,4,4,4,4,4,4,4
14003,4,4,4,4,4,4,4,4,4,3,4,4,4,4,4,4,4,4,4
14008,4,4,4,4,4,4,4,4,4,3,4,4,4,4,4,4,4,4,4
14010,4,4,4,4,4,4,4,4,4,3,4,4,4,4,4,4,4,4,4
14012,4,4,4,4,4,4,4,4,4,3,4,4,4,4,4,4,4,4,4
14013,4,4,4,4,4,4,4,4,4,3,2,2,2,2,3,3,3,3,4
14014,4,4,4,4,4,4,4,4,4,3,1,2,1,1,3,4,4,4,4
14015,4,4,4,4,4,4,4,4,4,3,4,4,4,4,4,4,4,4,4
14016,4,4,4,4,4,4,4,4,4,3,4,4,4,4,4,4,4,4,4
14017,4,4,4,4,4,4,4,4,4,3,1,1,4,1,2,4,3,3,1
14018,4,4,4,4,4,4,4,4,4,3,1,4,4,2,3,4,4,4,4
14019,4,4,4,4,4,4,4,4,4,3,4,4,4,4,4,4,4,4,4
14020,4,4,4,4,4,4,4,4,4,3,4,1,1,2,3,3,3,2,4
14032,4,4,4,4,4,4,4,4,4,3,4,4,4,4,4,4,4,4,4
14035,4,4,4,4,4,4,4,4,4,3,4,4,4,4,4,4,4,4,4
14036,4,4,4,4,4,4,4,4,4,3,1,4,4,4,4,4,4,4,4
14038,4,4,4,4,4,4,4,4,4,3,4,4,4,4,4,4,4,4,4
14039,4,4,4,4,4,4,4,4,4,3,4,4,4,4,4,4,4,4,4
14041,4,4,4,4,4,4,4,4,4,3,4,4,4,4,4,4,4,4,4
14046,4,4,4,4,4,4,4,4,4,3,4,4,4,4,4,4,4,4,4
14048,4,4,4,4,4,4,4,4,4,3,4,4,4,4,4,4,4,4,4
14050,4,4,4,4,4,4,4,4,4,3,4,4,4,4,4,4,4,4,4
14052,4,4,4,4,4,4,4,4,4,3,4,4,4,4,4,4,4,4,4
14053,4,4,4,4,4,4,4,4,4,3,4,4,4,4,4,4,4,4,4
14054,4,4,4,4,4,4,4,4,4,3,4,4,4,4,4,4,4,4,4
14055,4,4,4,4,4,4,4,4,4,3,1,4,4,4,4,4,4,4,4
14056,4,4,4,4,4,4,4,4,4,3,4,4,4,4,4,4,4,4,4
14058,4,4,4,4,4,4,4,4,4,3,4,4,4,4,4,4,4,4,4
14059,4,4,4,4,4,4,4,4,4,3,4,4,4,2,4,4,4,4,4
14066,4,4,4,4,4,4,4,4,4,4,3,1,1,1,4,4,4,4,4
14067,4,4,4,4,4,4,4,4,4,4,3,1,1,1,3,3,1,1,2
14068,4,4,4,4,4,4,4,4,4,4,3,3,4,4,4,4,4,4,4
14070,4,4,4,4,4,4,4,4,4,4,3,1,1,1,3,3,4,3,1
14071,4,4,4,4,4,4,4,4,4,4,3,3,2,2,3,3,3,3,4
14075,4,4,4,4,4,4,4,4,4,4,3,1,1,1,3,3,4,4,1
14078,4,4,4,4,4,4,4,4,4,4,3,1,4,4,4,4,4,4,4
14079,4,4,4,4,4,4,4,4,4,4,3,4,1,3,3,3,3,3,2
14080,4,4,4,4,4,4,4,4,4,4,3,4,4,4,1,4,4,4,4
14081,4,4,4,4,4,4,4,4,4,4,2,4,4,1,4,4,4,4,4
14083,4,4,4,4,4,4,4,4,4,4,3,4,4,3,3,3,3,3,1
14084,4,4,4,4,4,4,4,4,4,4,3,4,4,4,4,4,4,4,4
14091,4,4,4,4,4,4,4,4,4,4,3,4,4,4,4,3,3,3,1
14093,4,4,4,4,4,4,4,4,4,4,3,4,4,4,4,4,4,4,4
14094,4,4,4,4,4,4,4,4,4,4,3,3,1,2,3,3,3,3,2
14096,4,4,4,4,4,4,4,4,4,4,3,4,4,2,3,3,2,3,2
14098,4,4,4,4,4,4,4,4,4,4,3,4,4,4,4,4,4,4,4
14100,4,4,4,4,4,4,4,4,4,4,3,4,4,4,4,4,4,4,4
14101,4,4,4,4,4,4,4,4,4,4,3,4,2,4,4,4,4,4,4
14106,4,4,4,4,4,4,4,4,4,4,3,1,1,4,1,3,3,4,2
14108,4,4,4,4,4,4,4,4,4,4,3,4,4,1,4,4,4,4,4
14117,4,4,4,4,4,4,4,4,4,4,3,4,4,3,3,3,3,1,4
14120,4,4,4,4,4,4,4,4,4,4,3,4,4,4,4,4,4,4,4
14122,4,4,4,4,4,4,4,4,4,4,3,1,4,4,4,4,4,4,4
14124,4,4,4,4,4,4,4,4,4,4,3,3,2,2,4,4,4,4,4
14125,4,4,4,4,4,4,4,4,4,4,3,4,4,4,4,4,4,4,4
14128,4,4,4,4,4,4,4,4,4,4,3,4,4,1,4,1,4,2,4
14131,4,4,4,4,4,4,4,4,4,4,3,4,4,3,4,3,3,3,1
14133,4,4,4,4,4,4,4,4,4,4,3,3,4,3,3,3,3,4,1
14134,4,4,4,4,4,4,4,4,4,4,3,4,4,4,4,4,4,4,4
14137,4,4,4,4,4,4,4,4,4,4,3,4,4,4,4,4,4,4,4
14143,4,4,4,4,4,4,4,4,4,4,3,1,1,3,3,3,3,4,2
14145,4,4,4,4,4,4,4,4,4,4,2,4,4,4,4,3,3,3,1
14146,4,4,4,4,4,4,4,4,4,4,2,4,4,4,4,4,4,4,4
14151,4,4,4,4,4,4,4,4,4,4,1,4,4,4,4,4,4,4,4
14154,4,4,4,4,4,4,4,4,4,4,2,4,4,4,4,4,4,4,4
14156,4,4,4,4,4,4,4,4,4,4,2,4,4,1,1,1,2,4,4
14158,4,4,4,4,4,4,4,4,4,4,2,1,4,4,4,4,4,4,4
14159,4,4,4,4,4,4,4,4,4,4,2,2,4,4,4,4,4,4,4
14160,4,4,4,4,4,4,4,4,4,4,2,4,4,4,4,4,4,4,4
14161,4,4,4,4,4,4,4,4,4,4,2,2,4,4,4,4,4,4,4
14162,4,4,4,4,4,4,4,4,4,4,2,2,3,3,1,2,1,4,4
14163,4,4,4,4,4,4,4,4,4,4,2,4,1,1,1,2,4,4,4
14164,4,4,4,4,4,4,4,4,4,4,2,4,4,4,4,4,4,4,4
14170,4,4,4,4,4,4,4,4,4,4,1,4,4,4,4,4,4,4,4
14171,4,4,4,4,4,4,4,4,4,4,2,1,1,4,1,4,4,1,2
14174,4,4,4,4,4,4,4,4,4,4,2,1,1,1,1,1,1,1,4
14176,4,4,4,4,4,4,4,4,4,4,1,2,2,4,1,4,4,4,4
14181,4,4,4,4,4,4,4,4,4,4,1,2,1,4,1,2,1,4,4
14183,4,4,4,4,4,4,4,4,4,4,2,1,4,4,4,4,4,4,4
14184,4,4,4,4,4,4,4,4,4,4,2,4,4,4,4,4,4,4,4
14186,4,4,4,4,4,4,4,4,4,4,2,1,2,4,4,4,4,4,4
14189,4,4,4,4,4,4,4,4,4,4,2,1,4,1,1,2,1,1,2
14190,4,4,4,4,4,4,4,4,4,4,2,4,4,4,4,4,4,4,4
14191,4,4,4,4,4,4,4,4,4,4,2,1,4,4,4,4,4,4,4
14196,4,4,4,4,4,4,4,4,4,4,2,4,4,4,4,4,4,4,4
14199,4,4,4,4,4,4,4,4,4,4,1,4,4,4,4,4,4,4,4
14203,4,4,4,4,4,4,4,4,4,4,1,4,4,4,4,4,4,4,4
14206,4,4,4,4,4,4,4,4,4,4,2,2,1,4,4,4,4,4,4
14212,4,4,4,4,4,4,4,4,4,4,1,4,4,1,1,1,2,4,2
14213,4,4,4,4,4,4,4,4,4,4,2,4,4,4,4,4,4,4,4
14215,4,4,4,4,4,4,4,4,4,4,2,3,4,4,4,4,4,4,4
14216,4,4,4,4,4,4,4,4,4,4,2,1,4,4,4,4,4,4,4
14219,4,4,4,4,4,4,4,4,4,4,2,4,4,4,4,4,4,4,4
14221,4,4,4,4,4,4,4,4,4,4,2,1,4,4,4,4,4,4,4
14222,4,4,4,4,4,4,4,4,4,4,2,2,1,3,2,1,4,4,4
14223,4,4,4,4,4,4,4,4,4,4,1,4,4,4,4,4,4,4,4
14225,4,4,4,4,4,4,4,4,4,4,1,4,4,4,4,4,4,4,4
14226,4,4,4,4,4,4,4,4,4,4,2,4,1,4,4,4,4,4,4
14228,4,4,4,4,4,4,4,4,4,4,2,4,4,4,4,4,4,4,4
14229,4,4,4,4,4,4,4,4,4,4,1,4,4,4,4,4,4,4,4
14242,4,4,4,4,4,4,4,4,4,4,2,1,4,4,4,4,4,4,4
14506,4,4,4,4,4,4,4,4,4,4,4,1,4,3,2,3,3,3,4
14507,4,4,4,4,4,4,4,4,4,4,4,1,4,3,4,4,4,4,4
14509,4,4,4,4,4,4,4,4,4,4,4,1,4,4,4,4,1,4,4
14510,4,4,4,4,4,4,4,4,4,4,4,1,4,4,4,4,4,4,4
14511,4,4,4,4,4,4,4,4,4,4,4,1,4,4,4,4,4,4,4
14512,4,4,4,4,4,4,4,4,4,4,4,1,1,4,4,4,4,4,4
14513,4,4,4,4,4,4,4,4,4,4,4,1,4,2,4,4,4,4,4
14514,4,4,4,4,4,4,4,4,4,4,4,1,1,4,1,2,2,3,4
14515,4,4,4,4,4,4,4,4,4,4,4,1,1,2,3,2,1,4,1
14516,4,4,4,4,4,4,4,4,4,4,4,1,4,4,4,4,4,4,4
14517,4,4,4,4,4,4,4,4,4,4,4,1,4,4,3,3,3,3,1
14518,4,4,4,4,4,4,4,4,4,4,4,1,2,4,4,4,4,4,4
14519,4,4,4,4,4,4,4,4,4,4,4,1,4,4,4,4,4,4,4
14520,4,4,4,4,4,4,4,4,4,4,4,1,4,4,4,4,4,4,4
14523,4,4,4,4,4,4,4,4,4,4,4,1,1,4,4,4,4,4,4
14524,4,4,4,4,4,4,4,4,4,4,4,1,1,1,3,3,3,3,1
14528,4,4,4,4,4,4,4,4,4,4,4,1,4,4,4,4,4,4,4
14530,4,4,4,4,4,4,4,4,4,4,4,1,4,2,4,4,4,4,4
14531,4,4,4,4,4,4,4,4,4,4,4,1,4,3,3,3,2,3,4
14532,4,4,4,4,4,4,4,4,4,4,4,1,1,4,4,4,4,4,4
14535,4,4,4,4,4,4,4,4,4,4,4,1,1,4,4,4,4,4,4
14539,4,4,4,4,4,4,4,4,4,4,4,1,1,3,4,4,4,4,4
14540,4,4,4,4,4,4,4,4,4,4,4,1,4,4,1,4,4,4,4
14543,4,4,4,4,4,4,4,4,4,4,4,1,4,3,3,3,3,1,1
14544,4,4,4,4,4,4,4,4,4,4,4,1,4,3,2,4,4,4,4
14545,4,4,4,4,4,4,4,4,4,4,4,1,4,4,4,4,4,4,4
14547,4,4,4,4,4,4,4,4,4,4,4,1,1,3,3,4,4,4,4
14554,4,4,4,4,4,4,4,4,4,4,4,1,4,4,4,4,4,4,4
14556,4,4,4,4,4,4,4,4,4,4,4,1,4,4,4,4,4,4,4
14557,4,4,4,4,4,4,4,4,4,4,4,1,1,3,2,4,4,4,4
14559,4,4,4,4,4,4,4,4,4,4,4,1,4,4,4,2,2,2,1
14611,4,4,4,4,4,4,4,4,4,4,4,3,4,4,4,4,4,4,4
14614,4,4,4,4,4,4,4,4,4,4,4,3,4,4,1,4,4,4,4
14616,4,4,4,4,4,4,4,4,4,4,4,3,4,4,4,4,4,4,4
14617,4,4,4,4,4,4,4,4,4,4,4,3,4,4,4,1,4,4,4
14618,4,4,4,4,4,4,4,4,4,4,4,3,1,4,4,2,3,3,4
14619,4,4,4,4,4,4,4,4,4,4,4,3,4,4,4,4,4,4,4
14621,4,4,4,4,4,4,4,4,4,4,4,3,4,4,4,4,4,4,4
14622,4,4,4,4,4,4,4,4,4,4,4,3,1,4,4,4,4,4,4
14637,4,4,4,4,4,4,4,4,4,4,4,3,1,1,1,3,3,3,1
14639,4,4,4,4,4,4,4,4,4,4,4,3,4,4,4,4,4,4,4
14640,4,4,4,4,4,4,4,4,4,4,4,3,1,1,4,1,1,4,4
14645,4,4,4,4,4,4,4,4,4,4,4,3,1,4,4,4,4,4,4
14647,4,4,4,4,4,4,4,4,4,4,4,3,3,3,3,4,4,4,4
14649,4,4,4,4,4,4,4,4,4,4,4,3,3,3,1,2,3,3,1
14651,4,4,4,4,4,4,4,4,4,4,4,3,4,4,4,4,4,2,4
14652,4,4,4,4,4,4,4,4,4,4,4,3,4,4,4,4,4,4,4
14653,4,4,4,4,4,4,4,4,4,4,4,1,1,4,4,4,4,4,4
14654,4,4,4,4,4,4,4,4,4,4,4,3,4,4,4,2,3,1,1
14656,4,4,4,4,4,4,4,4,4,4,4,3,4,1,4,4,4,4,4
14657,4,4,4,4,4,4,4,4,4,4,4,3,4,4,4,1,4,4,4
14658,4,4,4,4,4,4,4,4,4,4,4,3,4,4,4,4,4,4,4
14660,4,4,4,4,4,4,4,4,4,4,4,3,4,4,4,4,4,4,4
14661,4,4,4,4,4,4,4,4,4,4,4,3,4,4,4,4,4,4,4
14662,4,4,4,4,4,4,4,4,4,4,4,3,4,4,4,4,4,4,4
14667,4,4,4,4,4,4,4,4,4,4,4,2,4,4,4,4,4,4,4
14668,4,4,4,4,4,4,4,4,4,4,4,3,4,1,1,2,2,3,4
14669,4,4,4,4,4,4,4,4,4,4,4,2,4,4,4,4,4,4,4
14671,4,4,4,4,4,4,4,4,4,4,4,3,3,4,4,4,4,4,4
14673,4,4,4,4,4,4,4,4,4,4,4,3,4,4,4,4,4,4,4
14678,4,4,4,4,4,4,4,4,4,4,4,2,4,4,4,4,4,4,4
14682,4,4,4,4,4,4,4,4,4,4,4,3,4,4,4,4,1,3,4
14683,4,4,4,4,4,4,4,4,4,4,4,3,3,3,4,3,3,4,4
14684,4,4,4,4,4,4,4,4,4,4,4,3,1,1,4,1,4,4,4
14685,4,4,4,4,4,4,4,4,4,4,4,2,4,4,4,4,4,4,4
14686,4,4,4,4,4,4,4,4,4,4,4,2,4,1,4,2,3,2,1
14687,4,4,4,4,4,4,4,4,4,4,4,3,4,4,4,4,4,4,4
14688,4,4,4,4,4,4,4,4,4,4,4,3,4,4,4,4,4,4,4
14690,4,4,4,4,4,4,4,4,4,4,4,3,4,4,4,4,4,4,4
14693,4,4,4,4,4,4,4,4,4,4,4,3,4,4,4,4,4,4,4
14694,4,4,4,4,4,4,4,4,4,4,4,3,4,4,2,3,2,4,1
14695,4,4,4,4,4,4,4,4,4,4,4,3,4,4,4,4,4,4,4
14699,4,4,4,4,4,4,4,4,4,4,4,3,1,1,2,2,2,1,4
14701,4,4,4,4,4,4,4,4,4,4,4,3,4,4,2,2,2,1,4
14702,4,4,4,4,4,4,4,4,4,4,4,3,4,4,4,4,4,4,4
14704,4,4,4,4,4,4,4,4,4,4,4,3,4,4,4,4,4,4,4
14706,4,4,4,4,4,4,4,4,4,4,4,3,4,4,4,4,4,4,4
14708,4,4,4,4,4,4,4,4,4,4,4,3,4,4,4,4,4,4,4
14711,4,4,4,4,4,4,4,4,4,4,4,2,4,4,4,4,4,4,4
14713,4,4,4,4,4,4,4,4,4,4,4,2,1,4,4,4,4,4,4
14720,4,4,4,4,4,4,4,4,4,4,4,3,4,1,4,3,3,3,1
14722,4,4,4,4,4,4,4,4,4,4,4,2,4,4,4,4,4,4,4
14729,4,4,4,4,4,4,4,4,4,4,4,3,4,4,4,4,4,4,4
14731,4,4,4,4,4,4,4,4,4,4,4,2,4,4,4,4,4,4,4
14732,4,4,4,4,4,4,4,4,4,4,4,1,4,4,4,4,4,4,4
14733,4,4,4,4,4,4,4,4,4,4,4,2,4,4,4,1,4,4,4
14734,4,4,4,4,4,4,4,4,4,4,4,2,4,4,4,4,4,4,4
14736,4,4,4,4,4,4,4,4,4,4,4,2,4,4,4,4,4,4,4
14738,4,4,4,4,4,4,4,4,4,4,4,2,4,4,4,4,4,4,4
14740,4,4,4,4,4,4,4,4,4,4,4,2,1,4,4,1,2,4,4
14743,4,4,4,4,4,4,4,4,4,4,4,2,2,4,4,4,4,4,4
14745,4,4,4,4,4,4,4,4,4,4,4,3,3,4,4,4,4,4,4
14748,4,4,4,4,4,4,4,4,4,4,4,2,4,4,4,4,4,4,4
14749,4,4,4,4,4,4,4,4,4,4,4,3,1,4,4,4,4,4,4
14756,4,4,4,4,4,4,4,4,4,4,4,2,4,4,4,4,4,4,4
14759,4,4,4,4,4,4,4,4,4,4,4,2,1,1,4,2,3,4,4
14761,4,4,4,4,4,4,4,4,4,4,4,2,4,4,4,4,4,4,4
14766,4,4,4,4,4,4,4,4,4,4,4,2,1,3,3,3,2,1,2
14767,4,4,4,4,4,4,4,4,4,4,4,3,4,4,4,4,4,4,4
14768,4,4,4,4,4,4,4,4,4,4,4,2,4,4,4,4,4,4,4
14774,4,4,4,4,4,4,4,4,4,4,4,2,4,4,4,4,4,4,4
14775,4,4,4,4,4,4,4,4,4,4,4,2,4,4,4,4,4,4,4
14777,4,4,4,4,4,4,4,4,4,4,4,2,2,4,4,4,4,1,4
14779,4,4,4,4,4,4,4,4,4,4,4,2,1,4,4,4,4,4,4
14782,4,4,4,4,4,4,4,4,4,4,4,3,4,4,4,4,4,4,4
14783,4,4,4,4,4,4,4,4,4,4,4,2,4,4,4,2,4,4,4
14784,4,4,4,4,4,4,4,4,4,4,4,3,4,4,4,4,4,4,4
14785,4,4,4,4,4,4,4,4,4,4,4,2,1,4,4,4,4,4,4
14789,4,4,4,4,4,4,4,4,4,4,4,3,4,4,4,4,4,4,4
14790,4,4,4,4,4,4,4,4,4,4,4,3,4,4,4,2,3,4,4
14791,4,4,4,4,4,4,4,4,4,4,4,3,4,4,1,1,4,4,4
14792,4,4,4,4,4,4,4,4,4,4,4,3,1,4,4,2,3,3,1
14793,4,4,4,4,4,4,4,4,4,4,4,2,4,4,4,4,4,4,4
14795,4,4,4,4,4,4,4,4,4,4,4,2,1,1,4,1,3,3,4
14796,4,4,4,4,4,4,4,4,4,4,4,2,4,4,4,4,4,1,4
14798,4,4,4,4,4,4,4,4,4,4,4,3,4,4,4,4,4,4,4
14800,4,4,4,4,4,4,4,4,4,4,4,3,4,4,4,4,4,4,4
14803,4,4,4,4,4,4,4,4,4,4,4,2,4,4,4,4,4,4,4
14806,4,4,4,4,4,4,4,4,4,4,4,3,4,4,4,4,4,4,4
14807,4,4,4,4,4,4,4,4,4,4,4,2,1,4,4,1,4,4,1
14808,4,4,4,4,4,4,4,4,4,4,4,2,1,4,4,1,4,4,4
15163,4,4,4,4,4,4,4,4,4,4,4,4,4,2,3,2,4,4,4
15165,4,4,4,4,4,4,4,4,4,4,4,4,4,2,2,4,4,4,4
15166,4,4,4,4,4,4,4,4,4,4,4,4,4,1,2,4,4,4,4
15167,4,4,4,4,4,4,4,4,4,4,4,4,4,1,3,4,4,4,4
15169,4,4,4,4,4,4,4,4,4,4,4,4,4,1,4,4,4,4,4
15170,4,4,4,4,4,4,4,4,4,4,4,4,4,1,1,4,4,4,4
15171,4,4,4,4,4,4,4,4,4,4,4,4,4,2,2,4,4,4,4
15176,4,4,4,4,4,4,4,4,4,4,4,4,4,1,3,3,3,1,1
15177,4,4,4,4,4,4,4,4,4,4,4,4,4,2,3,3,4,4,4
15178,4,4,4,4,4,4,4,4,4,4,4,4,4,1,4,4,4,4,4
15179,4,4,4,4,4,4,4,4,4,4,4,4,4,3,1,4,4,4,4
15182,4,4,4,4,4,4,4,4,4,4,4,4,4,2,1,3,2,3,4
15184,4,4,4,4,4,4,4,4,4,4,4,4,4,1,4,4,4,4,4
15186,4,4,4,4,4,4,4,4,4,4,4,4,4,1,1,4,4,4,4
15187,4,4,4,4,4,4,4,4,4,4,4,4,4,1,4,4,4,4,4
15188,4,4,4,4,4,4,4,4,4,4,4,4,4,1,4,4,4,4,4
15189,4,4,4,4,4,4,4,4,4,4,4,4,4,1,4,4,4,4,4
15194,4,4,4,4,4,4,4,4,4,4,4,4,4,2,4,4,4,4,4
15197,4,4,4,4,4,4,4,4,4,4,4,4,4,1,4,4,4,4,4
15202,4,4,4,4,4,4,4,4,4,4,4,4,4,1,3,4,4,1,4
15205,4,4,4,4,4,4,4,4,4,4,4,4,4,1,4,4,4,4,4
15206,4,4,4,4,4,4,4,4,4,4,4,4,4,1,4,4,4,4,4
15208,4,4,4,4,4,4,4,4,4,4,4,4,4,1,4,4,4,4,4
15210,4,4,4,4,4,4,4,4,4,4,4,4,4,1,4,1,4,4,4
15211,4,4,4,4,4,4,4,4,4,4,4,4,4,1,4,4,4,4,4
15212,4,4,4,4,4,4,4,4,4,4,4,4,4,1,4,4,2,2,1
15213,4,4,4,4,4,4,4,4,4,4,4,4,4,1,4,4,4,1,1
15217,4,4,4,4,4,4,4,4,4,4,4,4,4,1,4,4,4,4,4
15218,4,4,4,4,4,4,4,4,4,4,4,4,4,1,4,4,4,4,4
15221,4,4,4,4,4,4,4,4,4,4,4,4,4,1,4,4,4,4,4
15223,4,4,4,4,4,4,4,4,4,4,4,4,4,1,4,4,4,4,4
15225,4,4,4,4,4,4,4,4,4,4,4,4,4,1,4,4,4,4,4
15226,4,4,4,4,4,4,4,4,4,4,4,4,4,1,4,4,4,4,4
15227,4,4,4,4,4,4,4,4,4,4,4,4,4,1,3,3,4,4,4
15229,4,4,4,4,4,4,4,4,4,4,4,4,4,1,4,4,4,4,4
15230,4,4,4,4,4,4,4,4,4,4,4,4,4,1,4,4,4,4,4
15231,4,4,4,4,4,4,4,4,4,4,4,4,4,1,4,1,4,4,4
15232,4,4,4,4,4,4,4,4,4,4,4,4,4,1,4,4,4,4,1
15235,4,4,4,4,4,4,4,4,4,4,4,4,4,1,4,4,4,4,4
15237,4,4,4,4,4,4,4,4,4,4,4,4,4,1,1,4,4,4,4
15238,4,4,4,4,4,4,4,4,4,4,4,4,4,1,4,4,4,4,4
15239,4,4,4,4,4,4,4,4,4,4,4,4,4,1,1,4,4,4,4
15240,4,4,4,4,4,4,4,4,4,4,4,4,4,1,4,4,4,4,4
15241,4,4,4,4,4,4,4,4,4,4,4,4,4,1,4,4,4,4,4
15243,4,4,4,4,4,4,4,4,4,4,4,4,4,1,4,4,4,4,4
15244,4,4,4,4,4,4,4,4,4,4,4,4,4,1,1,4,4,4,4
15245,4,4,4,4,4,4,4,4,4,4,4,4,4,1,1,3,3,3,1
15246,4,4,4,4,4,4,4,4,4,4,4,4,4,1,4,4,4,4,4
15250,4,4,4,4,4,4,4,4,4,4,4,4,4,1,4,4,4,4,4
15252,4,4,4,4,4,4,4,4,4,4,4,4,4,1,4,4,4,1,4
15254,4,4,4,4,4,4,4,4,4,4,4,4,4,1,4,4,4,4,4
15255,4,4,4,4,4,4,4,4,4,4,4,4,4,1,4,4,4,4,4
15256,4,4,4,4,4,4,4,4,4,4,4,4,4,1,4,4,4,4,4
15260,4,4,4,4,4,4,4,4,4,4,4,4,4,1,2,2,4,4,4
15262,4,4,4,4,4,4,4,4,4,4,4,4,4,1,4,4,4,4,4
15264,4,4,4,4,4,4,4,4,4,4,4,4,4,1,3,4,4,4,4
15266,4,4,4,4,4,4,4,4,4,4,4,4,4,1,4,4,4,4,4
15326,4,4,4,4,4,4,4,4,4,4,4,4,4,4,2,4,4,4,4
15329,4,4,4,4,4,4,4,4,4,4,4,4,4,4,3,3,2,2,1
15331,4,4,4,4,4,4,4,4,4,4,4,4,4,4,3,4,4,4,4
15333,4,4,4,4,4,4,4,4,4,4,4,4,4,4,3,4,2,2,4
15335,4,4,4,4,4,4,4,4,4,4,4,4,4,4,2,4,4,4,4
15336,4,4,4,4,4,4,4,4,4,4,4,4,4,4,2,4,4,4,4
15338,4,4,4,4,4,4,4,4,4,4,4,4,4,4,3,4,4,4,4
15339,4,4,4,4,4,4,4,4,4,4,4,4,4,4,3,4,4,4,4
15341,4,4,4,4,4,4,4,4,4,4,4,4,4,4,3,1,4,4,4
15342,4,4,4,4,4,4,4,4,4,4,4,4,4,4,3,1,4,4,4
15343,4,4,4,4,4,4,4,4,4,4,4,4,4,4,2,3,4,4,4
15344,4,4,4,4,4,4,4,4,4,4,4,4,4,4,2,4,4,4,4
15346,4,4,4,4,4,4,4,4,4,4,4,4,4,4,3,4,4,4,4
15347,4,4,4,4,4,4,4,4,4,4,4,4,4,4,2,4,4,4,4
15350,4,4,4,4,4,4,4,4,4,4,4,4,4,4,2,3,4,4,4
15352,4,4,4,4,4,4,4,4,4,4,4,4,4,4,2,4,4,4,1
15358,4,4,4,4,4,4,4,4,4,4,4,4,4,4,3,4,4,4,4
15360,4,4,4,4,4,4,4,4,4,4,4,4,4,4,3,3,3,2,2
15362,4,4,4,4,4,4,4,4,4,4,4,4,4,4,2,1,4,4,4
15366,4,4,4,4,4,4,4,4,4,4,4,4,4,4,3,4,4,4,4
15367,4,4,4,4,4,4,4,4,4,4,4,4,4,4,3,3,1,2,1
15368,4,4,4,4,4,4,4,4,4,4,4,4,4,4,2,4,4,4,4
15370,4,4,4,4,4,4,4,4,4,4,4,4,4,4,3,1,4,1,4
15373,4,4,4,4,4,4,4,4,4,4,4,4,4,4,3,1,4,4,4
15375,4,4,4,4,4,4,4,4,4,4,4,4,4,4,2,3,3,3,1
15376,4,4,4,4,4,4,4,4,4,4,4,4,4,4,3,3,4,2,1
15377,4,4,4,4,4,4,4,4,4,4,4,4,4,4,2,4,4,4,4
15378,4,4,4,4,4,4,4,4,4,4,4,4,4,4,3,4,4,4,4
15379,4,4,4,4,4,4,4,4,4,4,4,4,4,4,3,3,4,4,4
15380,4,4,4,4,4,4,4,4,4,4,4,4,4,4,3,4,4,4,4
15381,4,4,4,4,4,4,4,4,4,4,4,4,4,4,3,3,1,4,4
15386,4,4,4,4,4,4,4,4,4,4,4,4,4,4,3,1,4,4,1
15387,4,4,4,4,4,4,4,4,4,4,4,4,4,4,2,1,1,4,1
15389,4,4,4,4,4,4,4,4,4,4,4,4,4,4,3,2,2,2,4
15390,4,4,4,4,4,4,4,4,4,4,4,4,4,4,2,1,4,4,4
15392,4,4,4,4,4,4,4,4,4,4,4,4,4,4,3,4,4,4,4
15393,4,4,4,4,4,4,4,4,4,4,4,4,4,4,2,4,4,4,4
15395,4,4,4,4,4,4,4,4,4,4,4,4,4,4,2,1,4,4,4
15398,4,4,4,4,4,4,4,4,4,4,4,4,4,4,3,1,4,4,1
15403,4,4,4,4,4,4,4,4,4,4,4,4,4,4,3,4,2,2,1
15404,4,4,4,4,4,4,4,4,4,4,4,4,4,4,2,4,4,4,4
15405,4,4,4,4,4,4,4,4,4,4,4,4,4,4,3,4,4,4,1
15408,4,4,4,4,4,4,4,4,4,4,4,4,4,4,3,4,4,4,4
15409,4,4,4,4,4,4,4,4,4,4,4,4,4,4,3,1,4,4,4
15411,4,4,4,4,4,4,4,4,4,4,4,4,4,4,3,4,4,4,4
15414,4,4,4,4,4,4,4,4,4,4,4,4,4,4,3,2,4,4,1
15420,4,4,4,4,4,4,4,4,4,4,4,4,4,4,3,3,2,1,1
15421,4,4,4,4,4,4,4,4,4,4,4,4,4,4,2,4,2,4,4
15423,4,4,4,4,4,4,4,4,4,4,4,4,4,4,3,4,4,1,4
15424,4,4,4,4,4,4,4,4,4,4,4,4,4,4,3,3,3,2,1
15425,4,4,4,4,4,4,4,4,4,4,4,4,4,4,2,1,3,2,1
15427,4,4,4,4,4,4,4,4,4,4,4,4,4,4,2,4,4,4,4
15428,4,4,4,4,4,4,4,4,4,4,4,4,4,4,2,1,4,4,4
15432,4,4,4,4,4,4,4,4,4,4,4,4,4,4,2,4,4,4,4
15435,4,4,4,4,4,4,4,4,4,4,4,4,4,4,2,1,4,4,4
15437,4,4,4,4,4,4,4,4,4,4,4,4,4,4,1,4,4,4,4
15440,4,4,4,4,4,4,4,4,4,4,4,4,4,4,1,1,4,4,4
15442,4,4,4,4,4,4,4,4,4,4,4,4,4,4,1,4,4,4,4
15443,4,4,4,4,4,4,4,4,4,4,4,4,4,4,1,1,4,4,4
15444,4,4,4,4,4,4,4,4,4,4,4,4,4,4,2,4,4,4,4
15446,4,4,4,4,4,4,4,4,4,4,4,4,4,4,2,1,4,4,4
15447,4,4,4,4,4,4,4,4,4,4,4,4,4,4,1,4,4,4,4
15449,4,4,4,4,4,4,4,4,4,4,4,4,4,4,2,1,4,4,4
15450,4,4,4,4,4,4,4,4,4,4,4,4,4,4,1,4,4,4,4
15452,4,4,4,4,4,4,4,4,4,4,4,4,4,4,2,2,4,4,1
15453,4,4,4,4,4,4,4,4,4,4,4,4,4,4,2,3,2,4,4
15455,4,4,4,4,4,4,4,4,4,4,4,4,4,4,2,4,4,4,4
15456,4,4,4,4,4,4,4,4,4,4,4,4,4,4,2,1,4,4,1
15457,4,4,4,4,4,4,4,4,4,4,4,4,4,4,2,2,1,4,2
15458,4,4,4,4,4,4,4,4,4,4,4,4,4,4,2,3,1,4,4
15459,4,4,4,4,4,4,4,4,4,4,4,4,4,4,2,4,4,4,4
15461,4,4,4,4,4,4,4,4,4,4,4,4,4,4,2,4,4,4,4
15465,4,4,4,4,4,4,4,4,4,4,4,4,4,4,2,4,4,4,4
15466,4,4,4,4,4,4,4,4,4,4,4,4,4,4,2,4,4,1,4
15468,4,4,4,4,4,4,4,4,4,4,4,4,4,4,2,4,4,4,4
15470,4,4,4,4,4,4,4,4,4,4,4,4,4,4,2,1,4,4,4
15471,4,4,4,4,4,4,4,4,4,4,4,4,4,4,2,4,4,4,4
15472,4,4,4,4,4,4,4,4,4,4,4,4,4,4,2,1,4,4,4
15473,4,4,4,4,4,4,4,4,4,4,4,4,4,4,2,4,4,4,4
15475,4,4,4,4,4,4,4,4,4,4,4,4,4,4,2,1,1,1,4
15482,4,4,4,4,4,4,4,4,4,4,4,4,4,4,2,2,1,4,4
15483,4,4,4,4,4,4,4,4,4,4,4,4,4,4,2,1,4,4,4
15485,4,4,4,4,4,4,4,4,4,4,4,4,4,4,2,1,4,4,4
15486,4,4,4,4,4,4,4,4,4,4,4,4,4,4,2,1,1,4,4
15491,4,4,4,4,4,4,4,4,4,4,4,4,4,4,2,4,4,1,4
15497,4,4,4,4,4,4,4,4,4,4,4,4,4,4,1,1,4,4,4
15499,4,4,4,4,4,4,4,4,4,4,4,4,4,4,1,1,4,4,1
15500,4,4,4,4,4,4,4,4,4,4,4,4,4,4,2,4,4,4,4
15501,4,4,4,4,4,4,4,4,4,4,4,4,4,4,2,4,4,4,4
15503,4,4,4,4,4,4,4,4,4,4,4,4,4,4,2,4,1,1,1
15504,4,4,4,4,4,4,4,4,4,4,4,4,4,4,2,4,4,4,4
15506,4,4,4,4,4,4,4,4,4,4,4,4,4,4,2,4,4,4,4
15507,4,4,4,4,4,4,4,4,4,4,4,4,4,4,2,1,4,4,4
15512,4,4,4,4,4,4,4,4,4,4,4,4,4,4,2,4,4,4,4
15514,4,4,4,4,4,4,4,4,4,4,4,4,4,4,1,4,4,4,4
15676,4,4,4,4,4,4,4,4,4,4,4,4,4,4,4,1,3,1,4
15683,4,4,4,4,4,4,4,4,4,4,4,4,4,4,4,1,3,4,4
15689,4,4,4,4,4,4,4,4,4,4,4,4,4,4,4,1,4,4,4
15690,4,4,4,4,4,4,4,4,4,4,4,4,4,4,4,1,4,4,4
15691,4,4,4,4,4,4,4,4,4,4,4,4,4,4,4,1,1,4,4
15692,4,4,4,4,4,4,4,4,4,4,4,4,4,4,4,1,4,4,4
15693,4,4,4,4,4,4,4,4,4,4,4,4,4,4,4,1,4,4,4
15694,4,4,4,4,4,4,4,4,4,4,4,4,4,4,4,1,3,3,4
15702,4,4,4,4,4,4,4,4,4,4,4,4,4,4,4,1,3,2,4
15706,4,4,4,4,4,4,4,4,4,4,4,4,4,4,4,1,2,4,4
15708,4,4,4,4,4,4,4,4,4,4,4,4,4,4,4,1,4,4,4
15709,4,4,4,4,4,4,4,4,4,4,4,4,4,4,4,1,4,4,4
15712,4,4,4,4,4,4,4,4,4,4,4,4,4,4,4,1,1,2,1
15713,4,4,4,4,4,4,4,4,4,4,4,4,4,4,4,1,4,4,4
15717,4,4,4,4,4,4,4,4,4,4,4,4,4,4,4,1,4,4,4
15719,4,4,4,4,4,4,4,4,4,4,4,4,4,4,4,1,3,2,4
15721,4,4,4,4,4,4,4,4,4,4,4,4,4,4,4,1,2,1,4
15722,4,4,4,4,4,4,4,4,4,4,4,4,4,4,4,1,4,4,4
15725,4,4,4,4,4,4,4,4,4,4,4,4,4,4,4,1,4,4,4
15727,4,4,4,4,4,4,4,4,4,4,4,4,4,4,4,1,1,4,4
15728,4,4,4,4,4,4,4,4,4,4,4,4,4,4,4,1,3,4,4
15729,4,4,4,4,4,4,4,4,4,4,4,4,4,4,4,1,4,4,4
15730,4,4,4,4,4,4,4,4,4,4,4,4,4,4,4,2,4,4,4
15732,4,4,4,4,4,4,4,4,4,4,4,4,4,4,4,2,4,4,4
15733,4,4,4,4,4,4,4,4,4,4,4,4,4,4,4,1,2,4,4
15734,4,4,4,4,4,4,4,4,4,4,4,4,4,4,4,1,4,4,4
15736,4,4,4,4,4,4,4,4,4,4,4,4,4,4,4,2,1,4,4
15744,4,4,4,4,4,4,4,4,4,4,4,4,4,4,4,1,4,4,4
15745,4,4,4,4,4,4,4,4,4,4,4,4,4,4,4,1,4,4,4
15746,4,4,4,4,4,4,4,4,4,4,4,4,4,4,4,2,4,4,4
15748,4,4,4,4,4,4,4,4,4,4,4,4,4,4,4,1,4,4,4
15750,4,4,4,4,4,4,4,4,4,4,4,4,4,4,4,1,4,4,4
15753,4,4,4,4,4,4,4,4,4,4,4,4,4,4,4,2,4,4,4
15754,4,4,4,4,4,4,4,4,4,4,4,4,4,4,4,1,4,4,4
15755,4,4,4,4,4,4,4,4,4,4,4,4,4,4,4,2,4,4,4
15756,4,4,4,4,4,4,4,4,4,4,4,4,4,4,4,2,4,4,4
15757,4,4,4,4,4,4,4,4,4,4,4,4,4,4,4,1,4,4,4
15758,4,4,4,4,4,4,4,4,4,4,4,4,4,4,4,1,1,4,4
15760,4,4,4,4,4,4,4,4,4,4,4,4,4,4,4,1,4,4,4
15762,4,4,4,4,4,4,4,4,4,4,4,4,4,4,4,1,4,4,4
15765,4,4,4,4,4,4,4,4,4,4,4,4,4,4,4,2,4,4,4
15766,4,4,4,4,4,4,4,4,4,4,4,4,4,4,4,3,3,4,4
15772,4,4,4,4,4,4,4,4,4,4,4,4,4,4,4,2,4,4,4
15774,4,4,4,4,4,4,4,4,4,4,4,4,4,4,4,1,2,4,4
15883,4,4,4,4,4,4,4,4,4,4,4,4,4,4,4,4,4,1,4
15884,4,4,4,4,4,4,4,4,4,4,4,4,4,4,4,4,4,2,1
15888,4,4,4,4,4,4,4,4,4,4,4,4,4,4,4,4,4,1,1
15892,4,4,4,4,4,4,4,4,4,4,4,4,4,4,4,4,4,1,1
15893,4,4,4,4,4,4,4,4,4,4,4,4,4,4,4,4,4,1,1
15897,4,4,4,4,4,4,4,4,4,4,4,4,4,4,4,4,4,2,1
15899,4,4,4,4,4,4,4,4,4,4,4,4,4,4,4,4,4,2,1
15900,4,4,4,4,4,4,4,4,4,4,4,4,4,4,4,4,4,1,4
15902,4,4,4,4,4,4,4,4,4,4,4,4,4,4,4,4,4,2,4
15903,4,4,4,4,4,4,4,4,4,4,4,4,4,4,4,4,4,1,4
15905,4,4,4,4,4,4,4,4,4,4,4,4,4,4,4,4,4,2,4
15906,4,4,4,4,4,4,4,4,4,4,4,4,4,4,4,4,4,1,1
15907,4,4,4,4,4,4,4,4,4,4,4,4,4,4,4,4,4,2,1
15908,4,4,4,4,4,4,4,4,4,4,4,4,4,4,4,4,4,1,4
15909,4,4,4,4,4,4,4,4,4,4,4,4,4,4,4,4,4,2,1
15910,4,4,4,4,4,4,4,4,4,4,4,4,4,4,4,4,4,2,1
15913,4,4,4,4,4,4,4,4,4,4,4,4,4,4,4,4,4,2,1
15914,4,4,4,4,4,4,4,4,4,4,4,4,4,4,4,4,4,2,1
15915,4,4,4,4,4,4,4,4,4,4,4,4,4,4,4,4,4,1,1
15916,4,4,4,4,4,4,4,4,4,4,4,4,4,4,4,4,4,1,4
15917,4,4,4,4,4,4,4,4,4,4,4,4,4,4,4,4,4,1,4
15918,4,4,4,4,4,4,4,4,4,4,4,4,4,4,4,4,4,2,4
15919,4,4,4,4,4,4,4,4,4,4,4,4,4,4,4,4,4,2,4
15920,4,4,4,4,4,4,4,4,4,4,4,4,4,4,4,4,4,2,1
15922,4,4,4,4,4,4,4,4,4,4,4,4,4,4,4,4,4,1,1
15923,4,4,4,4,4,4,4,4,4,4,4,4,4,4,4,4,4,1,4
15924,4,4,4,4,4,4,4,4,4,4,4,4,4,4,4,4,4,2,4
15925,4,4,4,4,4,4,4,4,4,4,4,4,4,4,4,4,4,1,1
15928,4,4,4,4,4,4,4,4,4,4,4,4,4,4,4,4,4,1,4
15929,4,4,4,4,4,4,4,4,4,4,4,4,4,4,4,4,4,1,1
15934,4,4,4,4,4,4,4,4,4,4,4,4,4,4,4,4,4,1,4
15935,4,4,4,4,4,4,4,4,4,4,4,4,4,4,4,4,4,1,1
15940,4,4,4,4,4,4,4,4,4,4,4,4,4,4,4,4,4,1,1
15941,4,4,4,4,4,4,4,4,4,4,4,4,4,4,4,4,4,1,4
15944,4,4,4,4,4,4,4,4,4,4,4,4,4,4,4,4,4,1,4
15947,4,4,4,4,4,4,4,4,4,4,4,4,4,4,4,4,4,1,4
15948,4,4,4,4,4,4,4,4,4,4,4,4,4,4,4,4,4,1,1
15949,4,4,4,4,4,4,4,4,4,4,4,4,4,4,4,4,4,1,4
15952,4,4,4,4,4,4,4,4,4,4,4,4,4,4,4,4,4,1,4
15953,4,4,4,4,4,4,4,4,4,4,4,4,4,4,4,4,4,1,4
15955,4,4,4,4,4,4,4,4,4,4,4,4,4,4,4,4,4,1,4
15956,4,4,4,4,4,4,4,4,4,4,4,4,4,4,4,4,4,1,4
15957,4,4,4,4,4,4,4,4,4,4,4,4,4,4,4,4,4,1,4
15959,4,4,4,4,4,4,4,4,4,4,4,4,4,4,4,4,4,1,4
15960,4,4,4,4,4,4,4,4,4,4,4,4,4,4,4,4,4,1,4
15962,4,4,4,4,4,4,4,4,4,4,4,4,4,4,4,4,4,1,1
15969,4,4,4,4,4,4,4,4,4,4,4,4,4,4,4,4,4,1,4
15970,4,4,4,4,4,4,4,4,4,4,4,4,4,4,4,4,4,1,1
15971,4,4,4,4,4,4,4,4,4,4,4,4,4,4,4,4,4,1,1
15973,4,4,4,4,4,4,4,4,4,4,4,4,4,4,4,4,4,1,4
15977,4,4,4,4,4,4,4,4,4,4,4,4,4,4,4,4,4,1,4
15978,4,4,4,4,4,4,4,4,4,4,4,4,4,4,4,4,4,1,4
15980,4,4,4,4,4,4,4,4,4,4,4,4,4,4,4,4,4,2,4
15984,4,4,4,4,4,4,4,4,4,4,4,4,4,4,4,4,4,2,1
15992,4,4,4,4,4,4,4,4,4,4,4,4,4,4,4,4,4,3,1
15993,4,4,4,4,4,4,4,4,4,4,4,4,4,4,4,4,4,2,4
15995,4,4,4,4,4,4,4,4,4,4,4,4,4,4,4,4,4,3,4
15997,4,4,4,4,4,4,4,4,4,4,4,4,4,4,4,4,4,2,4
15998,4,4,4,4,4,4,4,4,4,4,4,4,4,4,4,4,4,2,4
15999,4,4,4,4,4,4,4,4,4,4,4,4,4,4,4,4,4,2,4
16000,4,4,4,4,4,4,4,4,4,4,4,4,4,4,4,4,4,3,4
16001,4,4,4,4,4,4,4,4,4,4,4,4,4,4,4,4,4,2,1
16007,4,4,4,4,4,4,4,4,4,4,4,4,4,4,4,4,4,2,4
16011,4,4,4,4,4,4,4,4,4,4,4,4,4,4,4,4,4,2,4
16014,4,4,4,4,4,4,4,4,4,4,4,4,4,4,4,4,4,2,4
16015,4,4,4,4,4,4,4,4,4,4,4,4,4,4,4,4,4,2,4
16018,4,4,4,4,4,4,4,4,4,4,4,4,4,4,4,4,4,2,1
16025,4,4,4,4,4,4,4,4,4,4,4,4,4,4,4,4,4,2,4
16026,4,4,4,4,4,4,4,4,4,4,4,4,4,4,4,4,4,3,4
16027,4,4,4,4,4,4,4,4,4,4,4,4,4,4,4,4,4,2,4
16028,4,4,4,4,4,4,4,4,4,4,4,4,4,4,4,4,4,2,4
16030,4,4,4,4,4,4,4,4,4,4,4,4,4,4,4,4,4,3,4
16031,4,4,4,4,4,4,4,4,4,4,4,4,4,4,4,4,4,2,4
16032,4,4,4,4,4,4,4,4,4,4,4,4,4,4,4,4,4,2,4
16033,4,4,4,4,4,4,4,4,4,4,4,4,4,4,4,4,4,3,4
16034,4,4,4,4,4,4,4,4,4,4,4,4,4,4,4,4,4,2,1
16035,4,4,4,4,4,4,4,4,4,4,4,4,4,4,4,4,4,2,1
16036,4,4,4,4,4,4,4,4,4,4,4,4,4,4,4,4,4,3,1
16037,4,4,4,4,4,4,4,4,4,4,4,4,4,4,4,4,4,2,4
16039,4,4,4,4,4,4,4,4,4,4,4,4,4,4,4,4,4,2,4
16042,4,4,4,4,4,4,4,4,4,4,4,4,4,4,4,4,4,3,1
16043,4,4,4,4,4,4,4,4,4,4,4,4,4,4,4,4,4,2,4
16050,4,4,4,4,4,4,4,4,4,4,4,4,4,4,4,4,4,2,4
16053,4,4,4,4,4,4,4,4,4,4,4,4,4,4,4,4,4,2,4
16060,4,4,4,4,4,4,4,4,4,4,4,4,4,4,4,4,4,2,1
16062,4,4,4,4,4,4,4,4,4,4,4,4,4,4,4,4,4,3,4
16063,4,4,4,4,4,4,4,4,4,4,4,4,4,4,4,4,4,3,4
16064,4,4,4,4,4,4,4,4,4,4,4,4,4,4,4,4,4,2,4
16066,4,4,4,4,4,4,4,4,4,4,4,4,4,4,4,4,4,3,4
